student_id,course_id,subject_id,gender,age,regular_grade,absent_class_period,absenteeism_rate,midterm_grade,final_grade,overall_grade,four_point_scale,credit,batch,year
1900007784,100107462101,41,1,23,9.6,8,3.3,8.6,7.8,8.4,B,3,3,2022
2000002677,100107462101,41,0,26,9.6,8,3.3,2.9,4.9,5.24,C,3,3,2022
2000002924,100107462101,41,1,22,9.5,9,5.0,1.1,4.1,4.279999999999999,D,3,3,2022
2000003177,100107462101,41,1,23,9.3,13,6.7,6.5,5.5,6.5600000000000005,C,3,3,2022
2000003308,100107462101,41,1,22,9.5,12,5.0,6.1,8.9,8.18,B,3,3,2022
2000003418,100107462101,41,1,22,10.0,0,0.0,6.3,7.6,7.6899999999999995,B,3,3,2022
2000003640,100107462101,41,1,22,10.0,0,0.0,5.9,7.3,7.42,B,3,3,2022
2000003649,100107462101,41,1,22,9.8,4,1.7,3.6,9.4,7.74,B,3,3,2022
2000003730,100107462101,41,1,22,9.8,4,1.7,3.9,9.6,7.93,B,3,3,2022
2000004070,100107462101,41,1,22,9.6,5,3.3,1.5,6.1,5.42,C,3,3,2022
2000002665,100107462101,41,1,22,10.0,0,0.0,8.5,8.7,8.899999999999999,A,3,3,2022
2000004220,100107462101,41,1,22,9.8,4,1.7,9.9,4.0,6.930000000000001,C,3,3,2022
2000004490,100107462101,41,1,23,9.0,24,10.0,2.7,9.7,7.46,B,3,3,2022
2000005479,100107462101,41,1,22,10.0,0,0.0,4.8,7.6,7.24,B,3,3,2022
2000006161,100107462101,41,1,22,10.0,0,0.0,1.1,6.7,5.68,C,3,3,2022
2000006633,100107462101,41,1,22,9.6,8,3.3,9.7,9.6,9.629999999999999,A,3,3,2022
2011549832,100107462101,41,1,25,9.3,16,6.7,2.1,7.1,6.04,C,3,3,2022
2011551765,100107462101,41,1,24,9.6,2,3.3,9.5,8.1,8.82,A,3,3,2022
2100003779,100107462101,41,1,21,9.3,16,6.7,0.5,6.6,5.3100000000000005,C,3,3,2022
2100011310,100107462101,41,1,21,9.6,8,3.3,2.8,4.2,4.859999999999999,D,3,3,2022
2200004486,100107462101,41,1,20,10.0,0,0.0,5.2,7.4,7.26,B,3,3,2022
2000004365,100107462101,41,1,22,9.6,8,3.3,5.2,4.3,5.63,C,3,3,2022
2000002664,100107462101,41,1,22,10.0,0,0.0,3.7,7.7,6.960000000000001,C,3,3,2022
2000004278,100107462101,41,1,22,9.8,4,1.7,6.5,7.5,7.66,B,3,3,2022
2000000740,100107462101,41,1,22,9.8,4,1.7,6.2,7.0,7.32,B,3,3,2022
2000000655,100107462101,41,1,22,9.6,8,3.3,9.8,5.7,7.709999999999999,B,3,3,2022
2000001530,100107462101,41,1,22,9.8,4,1.7,1.6,9.6,7.24,B,3,3,2022
2000000050,100107462101,41,1,24,9.3,16,6.7,4.9,8.6,7.63,B,3,3,2022
2000001094,100107462101,41,1,22,9.8,4,1.7,9.9,7.0,8.43,B,3,3,2022
2000001452,100107462102,41,1,22,9.6,8,3.3,3.2,9.8,7.78,B,3,3,2022
2000003127,100107462102,41,1,22,9.8,4,1.7,2.2,4.3,4.77,D,3,3,2022
2000003434,100107462102,41,1,22,10.0,0,0.0,3.3,4.9,5.4399999999999995,C,3,3,2022
2000001008,100107462102,41,1,22,9.8,4,1.7,7.4,5.1,6.73,C,3,3,2022
2000003979,100107462102,41,1,22,10.0,0,0.0,2.4,4.0,4.72,D,3,3,2022
2100004729,100107462102,41,1,21,10.0,0,0.0,2.3,8.2,6.789999999999999,C,3,3,2022
2011549746,100107462102,41,0,22,9.8,4,1.7,4.1,8.0,7.1899999999999995,B,3,3,2022
2000006638,100107462102,41,1,22,10.0,0,0.0,4.8,8.9,7.890000000000001,B,3,3,2022
2000006018,100107462102,41,1,22,10.0,0,0.0,8.4,7.2,8.12,B,3,3,2022
2000005302,100107462102,41,0,23,9.8,4,1.7,9.7,9.1,9.42,A,3,3,2022
2000004900,100107462102,41,1,23,9.5,12,5.0,9.3,8.2,8.79,A,3,3,2022
2000001001,100107462102,41,1,22,10.0,0,0.0,7.4,4.7,6.57,C,3,3,2022
2000004701,100107462102,41,1,22,9.6,8,3.3,6.3,7.7,7.66,B,3,3,2022
2000004457,100107462102,41,1,22,10.0,0,0.0,9.8,5.4,7.64,B,3,3,2022
2000000998,100107462102,41,1,23,9.6,5,3.3,1.0,7.1,5.77,C,3,3,2022
2000004387,100107462102,41,1,22,9.6,8,3.3,1.8,7.2,6.0600000000000005,C,3,3,2022
2000006345,100107462102,41,1,22,9.8,4,1.7,4.3,5.8,6.15,C,3,3,2022
2000003076,100107462102,41,1,22,9.8,4,1.7,1.4,8.2,6.48,C,3,3,2022
2000002449,100107462102,41,1,23,10.0,0,0.0,8.7,7.1,8.16,B,3,3,2022
2000004154,100107462102,41,0,22,10.0,0,0.0,5.0,7.3,7.15,B,3,3,2022
2000002725,100107462102,41,1,22,9.6,5,3.3,7.4,9.9,9.09,A,3,3,2022
2000002779,100107462102,41,0,22,9.8,4,1.7,1.0,5.6,5.0600000000000005,C,3,3,2022
2000002672,100107462102,41,1,22,10.0,0,0.0,7.6,7.1,7.829999999999999,B,3,3,2022
2000002514,100107462102,41,0,22,9.8,4,1.7,1.1,4.6,4.59,D,3,3,2022
2000003074,100107462102,41,1,22,9.3,16,6.7,3.4,4.8,5.28,C,3,3,2022
2000002097,100107462102,41,1,22,9.5,12,5.0,7.3,7.8,7.99,B,3,3,2022
2000002380,100107462102,41,1,22,10.0,0,0.0,3.3,6.1,6.039999999999999,C,3,3,2022
2000002441,100107462102,41,1,22,9.8,4,1.7,4.1,9.8,8.09,B,3,3,2022
2000003308,100107462901,29,1,22,10.0,0,0.0,3.9,4.9,5.62,C,3,1,2022
2000003678,100107462901,29,1,22,10.0,0,0.0,1.6,4.9,4.93,D,3,1,2022
1911549027,100107462901,29,1,23,10.0,0,0.0,4.8,5.9,6.390000000000001,C,3,1,2022
2000000558,100107462901,29,1,22,10.0,0,0.0,6.0,4.3,5.949999999999999,C,3,1,2022
2000004897,100107462901,29,1,22,10.0,0,0.0,6.6,6.3,7.129999999999999,B,3,1,2022
2000004968,100107462901,29,1,22,10.0,0,0.0,6.4,9.4,8.620000000000001,A,3,1,2022
2000005479,100107462901,29,1,22,10.0,0,0.0,4.1,9.0,7.7299999999999995,B,3,1,2022
1911549351,100107462901,29,1,23,10.0,0,0.0,8.2,4.1,6.509999999999999,C,3,1,2022
1911549123,100107462901,29,1,24,10.0,0,0.0,7.3,5.0,6.6899999999999995,C,3,1,2022
1911547710,100107462901,29,0,23,10.0,0,0.0,7.2,8.9,8.61,A,3,1,2022
1900007763,100107462901,29,1,23,10.0,0,0.0,4.5,7.3,7.0,B,3,1,2022
1900009380,100107462901,29,1,23,10.0,0,0.0,3.5,7.8,6.949999999999999,C,3,1,2022
2000006633,100107462901,29,1,22,10.0,0,0.0,5.6,8.6,7.9799999999999995,B,3,1,2022
2000004278,100107462901,29,1,22,10.0,0,0.0,9.1,7.9,8.68,A,3,1,2022
1900007549,100107462901,29,0,23,10.0,0,0.0,2.3,8.4,6.890000000000001,C,3,1,2022
2000000050,100107462901,29,1,24,10.0,0,0.0,9.9,7.1,8.52,A,3,1,2022
2000002665,100107462901,29,1,22,10.0,0,0.0,8.9,5.5,7.42,B,3,1,2022
2000001530,100107462901,29,1,22,10.0,0,0.0,8.8,6.5,7.890000000000001,B,3,1,2022
2000001001,100107462901,29,1,22,10.0,0,0.0,0.1,5.9,4.98,D,3,1,2022
2000002441,100107462901,29,1,22,10.0,0,0.0,7.6,8.2,8.379999999999999,B,3,1,2022
2000002664,100107462901,29,1,22,10.0,0,0.0,5.1,4.8,5.93,C,3,1,2022
2000000998,100107462901,29,1,23,10.0,0,0.0,7.4,5.5,6.970000000000001,C,3,1,2022
1911547275,100107462901,29,1,23,10.0,0,0.0,8.9,9.6,9.469999999999999,A,3,1,2022
2000005153,100107462901,29,1,22,10.0,0,0.0,9.7,6.9,8.36,B,3,1,2022
2000004365,100107462901,29,1,22,10.0,0,0.0,0.8,7.3,5.890000000000001,C,3,1,2022
2000001452,100107462901,29,1,22,10.0,0,0.0,8.6,4.4,6.78,C,3,1,2022
2000000740,100107462901,29,1,22,10.0,0,0.0,3.9,9.1,7.72,B,3,1,2022
2000004070,100107462901,29,1,22,10.0,0,0.0,10.0,7.0,8.5,A,3,1,2022
2000003076,100107462901,29,1,22,10.0,0,0.0,0.8,8.6,6.54,C,3,1,2022
2100004923,100107462901,29,1,21,10.0,0,0.0,9.4,10.0,9.82,A,3,1,2022
2000003434,100107462901,29,1,22,10.0,0,0.0,6.8,7.7,7.890000000000001,B,3,1,2022
2000003649,100107462901,29,1,22,10.0,0,0.0,6.8,7.7,7.890000000000001,B,3,1,2022
2000003434,100107463001,35,1,22,10.0,0,0.0,5.1,6.9,6.98,C,3,2,2022
2000002664,100107463001,35,1,22,9.7,3,2.2,8.3,8.0,8.43,B,3,2,2022
2000001001,100107463001,35,1,22,10.0,0,0.0,7.1,8.5,8.379999999999999,B,3,2,2022
2000002380,100107463001,35,1,22,10.0,0,0.0,2.3,6.5,5.9399999999999995,C,3,2,2022
2000002725,100107463001,35,1,22,9.7,3,2.2,4.0,6.9,6.59,C,3,2,2022
2011549746,100107463001,35,0,22,10.0,0,0.0,7.6,6.2,7.379999999999999,B,3,2,2022
2000003127,100107463001,35,1,22,10.0,0,0.0,7.6,9.6,9.079999999999998,A,3,2,2022
2000002665,100107463001,35,1,22,9.7,3,2.2,4.5,7.3,6.9399999999999995,C,3,2,2022
2000004701,100107463001,35,1,22,9.7,3,2.2,6.6,9.2,8.52,A,3,2,2022
2000006018,100107463001,35,1,22,10.0,0,0.0,1.5,4.7,4.800000000000001,D,3,2,2022
2000003418,100107463001,35,1,22,10.0,0,0.0,6.8,6.6,7.34,B,3,2,2022
2000003730,100107463001,35,1,22,9.7,3,2.2,6.4,7.6,7.66,B,3,2,2022
2000006161,100107463001,35,1,22,10.0,0,0.0,8.9,6.2,7.77,B,3,2,2022
2000003308,100107463001,35,1,22,9.7,3,2.2,9.3,6.6,8.030000000000001,B,3,2,2022
2000001452,100107463001,35,1,22,10.0,0,0.0,4.1,4.5,5.4799999999999995,C,3,2,2022
2000002441,100107463001,35,1,22,10.0,0,0.0,2.4,6.9,6.17,C,3,2,2022
2000002449,100107463001,35,1,23,10.0,0,0.0,5.0,4.7,5.85,C,3,2,2022
2000004154,100107463001,35,0,22,10.0,0,0.0,9.0,9.9,9.649999999999999,A,3,2,2022
2000004387,100107463001,35,1,22,9.5,6,4.4,8.6,6.5,7.7299999999999995,B,3,2,2022
2000000998,100107463001,35,1,23,9.7,3,2.2,6.3,6.4,7.03,B,3,2,2022
1900009054,100107463001,35,1,24,9.1,12,8.9,6.1,5.3,6.3,C,3,2,2022
2000004110,100107463001,35,1,24,9.7,3,2.2,3.1,5.1,5.42,C,3,2,2022
2000002677,100107463001,35,0,26,9.5,6,4.4,0.8,5.8,5.04,C,3,2,2022
2000005824,100107463001,35,1,22,9.7,3,2.2,3.3,4.1,4.9799999999999995,D,3,2,2022
2000004365,100107463001,35,1,22,9.7,3,2.2,8.4,8.7,8.809999999999999,A,3,2,2022
2000004070,100107463001,35,1,22,10.0,0,0.0,4.7,7.6,7.21,B,3,2,2022
2000000558,100107463001,35,1,22,10.0,0,0.0,6.8,10.0,9.04,A,3,2,2022
2000003979,100107463001,35,1,22,10.0,0,0.0,9.5,4.2,6.949999999999999,C,3,2,2022
2000000655,100107463001,35,1,22,9.7,3,2.2,5.7,8.3,7.800000000000001,B,3,2,2022
2000003074,100107463001,35,1,22,9.7,3,2.2,4.4,4.7,5.609999999999999,C,3,2,2022
2000001094,100107463001,35,1,22,10.0,0,0.0,1.1,9.0,6.83,C,3,2,2022
2000001530,100107463002,35,1,22,9.7,3,2.2,9.9,5.3,7.5600000000000005,B,3,2,2022
1900007784,100107463002,35,1,23,9.7,3,2.2,8.2,9.9,9.35,A,3,2,2022
2000005153,100107463002,35,1,22,9.7,3,2.2,4.3,5.5,5.9799999999999995,C,3,2,2022
2000002097,100107463002,35,1,22,9.7,3,2.2,3.5,8.9,7.44,B,3,2,2022
2000003640,100107463002,35,1,22,10.0,0,0.0,0.3,7.7,5.9399999999999995,C,3,2,2022
2000001008,100107463002,35,1,22,9.7,3,2.2,3.8,4.1,5.13,C,3,2,2022
2000003905,100107463002,35,1,22,8.8,15,11.1,9.0,8.2,8.559999999999999,A,3,2,2022
2000002491,100107463002,35,1,22,8.8,15,11.1,0.0,4.6,4.0600000000000005,D,3,2,2022
1911548779,100107463002,35,1,23,9.5,6,4.4,2.7,5.0,5.21,C,3,2,2022
1900008106,100107463002,35,1,23,10.0,0,0.0,4.9,6.0,6.47,C,3,2,2022
1900006098,100107463002,35,1,23,9.7,3,2.2,8.8,6.7,7.93,B,3,2,2022
2000004968,100107463002,35,1,22,9.7,3,2.2,3.0,8.0,6.84,C,3,2,2022
2000004278,100107463002,35,1,22,10.0,0,0.0,4.5,5.0,5.85,C,3,2,2022
2000004220,100107463002,35,1,22,9.5,6,4.4,2.4,9.7,7.47,B,3,2,2022
2000005302,100107463002,35,0,23,9.5,6,4.4,2.3,4.2,4.6899999999999995,D,3,2,2022
2000004762,100107463002,35,1,24,9.3,9,6.7,8.8,4.1,6.55,C,3,2,2022
2200007240,100107464801,15,1,20,10.0,0,0.0,5.2,4.4,5.76,C,3,1,2023
2200009907,100107464801,15,1,20,10.0,0,0.0,5.7,5.1,6.26,C,3,1,2023
2200007239,100107464801,15,1,20,10.0,0,0.0,8.1,7.7,8.28,B,3,1,2023
2200007072,100107464801,15,1,20,10.0,0,0.0,8.4,7.7,8.37,B,3,1,2023
2200007066,100107464801,15,1,20,10.0,0,0.0,5.0,9.2,8.1,B,3,1,2023
2200007007,100107464801,15,1,21,9.6,8,3.3,8.0,9.2,8.92,A,3,1,2023
2200006775,100107464801,15,1,20,9.8,4,1.7,4.7,4.7,5.720000000000001,C,3,1,2023
2200004759,100107464801,15,1,20,10.0,0,0.0,7.4,9.5,8.97,A,3,1,2023
2200004202,100107464801,15,1,20,10.0,0,0.0,6.7,8.2,8.11,B,3,1,2023
2200004133,100107464801,15,1,20,10.0,0,0.0,0.5,8.1,6.199999999999999,C,3,1,2023
2200003930,100107464801,15,1,20,9.8,4,1.7,7.9,5.0,6.83,C,3,1,2023
2200003885,100107464801,15,1,21,10.0,0,0.0,2.6,7.7,6.630000000000001,C,3,1,2023
2200007710,100107464801,15,1,20,9.8,4,1.7,1.9,5.1,5.08,C,3,1,2023
2200003614,100107464801,15,1,20,10.0,0,0.0,2.3,7.7,6.54,C,3,1,2023
2200008421,100107464801,15,1,20,9.6,8,3.3,3.5,9.1,7.52,B,3,1,2023
2200003539,100107464801,15,1,21,10.0,0,0.0,8.5,8.8,8.95,A,3,1,2023
2200003174,100107464801,15,1,20,10.0,0,0.0,5.7,6.1,6.76,C,3,1,2023
2200002540,100107464801,15,1,20,10.0,0,0.0,8.6,7.0,8.08,B,3,1,2023
2200002455,100107464801,15,1,20,9.3,16,6.7,3.4,4.4,5.08,C,3,1,2023
2200002438,100107464801,15,0,20,10.0,0,0.0,9.7,6.4,8.11,B,3,1,2023
2200002340,100107464801,15,1,20,10.0,0,0.0,3.5,5.1,5.6,C,3,1,2023
2200008609,100107464801,15,1,20,10.0,0,0.0,2.0,8.6,6.9,C,3,1,2023
2200002309,100107464801,15,1,20,9.8,4,1.7,9.3,7.3,8.4,B,3,1,2023
2200002177,100107464801,15,1,20,9.8,4,1.7,2.5,9.1,7.26,B,3,1,2023
2200000601,100107464801,15,1,20,10.0,0,0.0,3.3,6.8,6.39,C,3,1,2023
2200008716,100107464801,15,1,20,10.0,0,0.0,4.5,5.4,6.05,C,3,1,2023
2200000578,100107464801,15,1,21,10.0,0,0.0,0.0,4.3,4.15,D,3,1,2023
2200008798,100107464801,15,1,21,10.0,0,0.0,9.7,5.6,7.71,B,3,1,2023
2200008906,100107464801,15,0,20,10.0,0,0.0,10.0,8.5,9.25,A,3,1,2023
2200007402,100107464801,15,1,20,9.8,4,1.7,1.7,9.4,7.17,B,3,1,2023
2200009825,100107464801,15,1,20,10.0,0,0.0,7.2,8.2,8.26,B,3,1,2023
2200010444,100107464801,15,1,20,10.0,0,0.0,7.9,8.2,8.469999999999999,B,3,1,2023
2200009232,100107464801,15,1,20,9.1,20,8.3,8.3,7.0,7.8100000000000005,B,3,1,2023
2200007143,100107464801,15,1,20,10.0,0,0.0,9.1,8.1,8.780000000000001,A,3,1,2023
2200000584,100107464802,15,1,20,10.0,0,0.0,0.2,5.7,4.91,D,3,1,2023
2200000368,100107464802,15,1,20,9.5,12,5.0,7.3,9.6,8.89,A,3,1,2023
2200011039,100107464802,15,1,20,10.0,0,0.0,5.3,9.9,8.54,A,3,1,2023
2200000400,100107464802,15,1,20,9.5,12,5.0,7.6,9.8,9.08,A,3,1,2023
2200011573,100107464802,15,1,20,10.0,0,0.0,6.9,7.0,7.57,B,3,1,2023
2200011866,100107464802,15,0,21,10.0,0,0.0,7.2,8.2,8.26,B,3,1,2023
2200001248,100107464802,15,1,21,9.6,8,3.3,9.1,6.3,7.800000000000001,B,3,1,2023
2200004825,100107464802,15,1,20,9.6,8,3.3,3.7,5.9,5.98,C,3,1,2023
2200001259,100107464802,15,0,20,9.8,4,1.7,1.2,4.1,4.37,D,3,1,2023
2200000405,100107464802,15,1,20,10.0,0,0.0,4.2,7.5,7.01,B,3,1,2023
2200001492,100107464802,15,1,20,10.0,0,0.0,3.3,7.7,6.84,C,3,1,2023
2200001450,100107464802,15,1,20,10.0,0,0.0,2.3,5.2,5.29,C,3,1,2023
2200001268,100107464802,15,1,20,9.8,4,1.7,9.3,7.2,8.35,B,3,1,2023
2200001377,100107464802,15,1,23,10.0,0,0.0,8.3,4.1,6.54,C,3,1,2023
2200000548,100107464802,15,1,20,9.8,4,1.7,4.7,6.1,6.42,C,3,1,2023
2200001381,100107464802,15,1,22,9.6,8,3.3,8.9,6.3,7.74,B,3,1,2023
2200002208,100107464802,15,1,20,10.0,0,0.0,6.5,6.6,7.25,B,3,1,2023
2200000337,100107464802,15,1,20,10.0,0,0.0,8.4,8.6,8.82,A,3,1,2023
2200010565,100107464802,15,1,25,10.0,0,0.0,4.7,4.1,5.46,C,3,1,2023
2200000333,100107464802,15,0,21,10.0,0,0.0,6.2,9.9,8.81,A,3,1,2023
2200005231,100107464802,15,1,20,10.0,0,0.0,4.7,6.8,6.8100000000000005,C,3,1,2023
2200004236,100107464802,15,1,20,9.6,8,3.3,8.5,7.9,8.42,B,3,1,2023
2200005605,100107464802,15,1,20,9.8,4,1.7,7.9,8.9,8.780000000000001,A,3,1,2023
2200002824,100107464802,15,1,20,9.8,4,1.7,7.0,4.6,6.36,C,3,1,2023
2200005914,100107464802,15,1,20,9.8,4,1.7,6.2,9.0,8.32,B,3,1,2023
2200002381,100107464802,15,1,20,10.0,0,0.0,7.9,7.7,8.22,B,3,1,2023
2200009882,100107464802,15,1,20,9.6,8,3.3,6.6,6.8,7.299999999999999,B,3,1,2023
2200006612,100107464802,15,1,20,9.1,20,8.3,3.0,5.0,5.22,C,3,1,2023
2200006185,100107464802,15,1,20,9.6,8,3.3,2.8,9.0,7.26,B,3,1,2023
2200006625,100107464802,15,1,20,9.5,12,5.0,0.4,7.9,5.970000000000001,C,3,1,2023
2200000215,100107464802,15,1,20,9.5,12,5.0,0.7,9.0,6.61,C,3,1,2023
2200000268,100107464802,15,1,20,9.5,12,5.0,8.7,9.1,9.059999999999999,A,3,1,2023
2200008438,100107464802,15,1,20,9.6,8,3.3,1.2,4.7,4.63,D,3,1,2023
2200000318,100107464802,15,1,20,9.8,4,1.7,9.9,7.7,8.780000000000001,A,3,1,2023
2200009837,100107464802,15,1,20,9.0,24,10.0,8.0,5.1,6.75,C,3,1,2023
2200002238,100107464802,15,1,20,10.0,0,0.0,9.5,9.7,9.7,A,3,1,2023
2200005824,100107464803,15,0,20,10.0,0,0.0,7.0,4.5,6.35,C,3,1,2023
2200005193,100107464803,15,1,20,10.0,0,0.0,4.7,7.2,7.01,B,3,1,2023
2200004831,100107464803,15,1,20,10.0,0,0.0,6.4,4.4,6.12,C,3,1,2023
2200004209,100107464803,15,1,20,10.0,0,0.0,0.6,4.3,4.33,D,3,1,2023
2200003906,100107464803,15,1,20,10.0,0,0.0,6.8,9.0,8.54,A,3,1,2023
2200005098,100107464803,15,1,22,10.0,0,0.0,7.9,9.4,9.07,A,3,1,2023
2200003109,100107464803,15,1,20,9.8,4,1.7,4.9,5.3,6.08,C,3,1,2023
2200002925,100107464803,15,1,20,10.0,0,0.0,3.5,8.6,7.35,B,3,1,2023
2200002592,100107464803,15,1,20,10.0,0,0.0,6.7,6.8,7.41,B,3,1,2023
2200002333,100107464803,15,1,20,10.0,0,0.0,4.3,8.2,7.39,B,3,1,2023
2200002193,100107464803,15,1,20,10.0,0,0.0,5.7,5.3,6.359999999999999,C,3,1,2023
2200002160,100107464803,15,1,20,10.0,0,0.0,7.2,10.0,9.16,A,3,1,2023
2200001483,100107464803,15,1,20,10.0,0,0.0,9.1,9.3,9.38,A,3,1,2023
2200001108,100107464803,15,1,20,9.8,4,1.7,0.5,6.0,5.11,C,3,1,2023
2200000327,100107464803,15,1,20,10.0,0,0.0,9.0,6.9,8.149999999999999,B,3,1,2023
2200003659,100107464803,15,1,20,10.0,0,0.0,0.3,7.8,5.99,C,3,1,2023
2100004235,100107464803,15,1,21,9.5,12,5.0,8.5,5.6,7.25,B,3,1,2023
2200005842,100107464803,15,1,20,10.0,0,0.0,3.2,10.0,7.96,B,3,1,2023
2200011240,100107464803,15,1,20,9.3,16,6.7,8.3,6.3,7.5,B,3,1,2023
2200006122,100107464803,15,1,20,10.0,0,0.0,3.0,6.7,6.25,C,3,1,2023
2200010487,100107464803,15,0,20,10.0,0,0.0,8.3,8.9,8.940000000000001,A,3,1,2023
2200010286,100107464803,15,1,20,9.8,4,1.7,2.4,9.9,7.630000000000001,B,3,1,2023
2200010174,100107464803,15,1,20,9.8,4,1.7,7.1,4.9,6.54,C,3,1,2023
2200011295,100107464803,15,1,20,9.6,8,3.3,5.5,10.0,8.57,A,3,1,2023
2200011643,100107464803,15,1,23,10.0,0,0.0,0.3,8.7,6.4399999999999995,C,3,1,2023
2200009571,100107464803,15,1,21,9.0,24,10.0,3.7,4.4,5.11,C,3,1,2023
2200009501,100107464803,15,1,20,10.0,0,0.0,3.6,8.1,7.13,B,3,1,2023
2200009428,100107464803,15,1,20,10.0,0,0.0,5.6,10.0,8.68,A,3,1,2023
2200008171,100107464803,15,1,20,9.8,4,1.7,3.2,6.6,6.22,C,3,1,2023
2200007265,100107464803,15,1,20,10.0,0,0.0,2.9,4.2,4.970000000000001,D,3,1,2023
2200009261,100107464803,15,0,22,10.0,0,0.0,6.5,7.7,7.800000000000001,B,3,1,2023
2200007177,100107464803,15,1,20,9.8,4,1.7,5.1,9.7,8.34,B,3,1,2023
2200006124,100107464803,15,1,20,10.0,0,0.0,4.8,7.8,7.34,B,3,1,2023
2200006748,100107464803,15,1,20,9.8,4,1.7,6.9,9.5,8.780000000000001,A,3,1,2023
2200007079,100107464803,15,0,20,9.5,12,5.0,7.8,5.6,7.04,B,3,1,2023
2000002441,100107464901,44,1,22,9.6,8,3.3,6.1,8.3,7.9,B,3,1,2023
2000002449,100107464901,44,1,23,10.0,0,0.0,6.6,8.8,8.379999999999999,B,3,1,2023
2000003678,100107464901,44,1,22,9.3,16,6.7,7.3,7.7,7.9,B,3,1,2023
2000003418,100107464901,44,1,22,10.0,0,0.0,4.1,7.4,6.93,C,3,1,2023
2000001371,100107464901,44,1,22,9.5,12,5.0,2.5,7.9,6.6000000000000005,C,3,1,2023
2000002380,100107464901,44,1,22,10.0,0,0.0,3.5,7.2,6.65,C,3,1,2023
2100004729,100107464901,44,1,21,10.0,0,0.0,7.6,6.5,7.529999999999999,B,3,1,2023
2000003074,100107464901,44,1,22,9.6,8,3.3,0.4,6.8,5.4399999999999995,C,3,1,2023
2000002097,100107464901,44,1,22,9.6,8,3.3,9.7,5.6,7.63,B,3,1,2023
2000000740,100107464901,44,1,22,10.0,0,0.0,0.1,9.7,6.879999999999999,C,3,1,2023
2000002779,100107464901,44,0,22,10.0,0,0.0,9.0,7.5,8.45,B,3,1,2023
2011549746,100107464901,44,0,22,10.0,0,0.0,2.9,5.0,5.37,C,3,1,2023
2000002725,100107464901,44,1,22,9.8,4,1.7,8.6,9.2,9.14,A,3,1,2023
2000003640,100107464901,44,1,22,10.0,0,0.0,7.7,8.2,8.41,B,3,1,2023
2000006161,100107464901,44,1,22,9.8,4,1.7,9.7,5.5,7.62,B,3,1,2023
2011549832,100107464901,44,1,25,9.3,16,6.7,9.1,5.6,7.39,B,3,1,2023
2000003730,100107464901,44,1,22,9.6,8,3.3,10.0,6.9,8.370000000000001,B,3,1,2023
2000001452,100107464901,44,1,22,10.0,0,0.0,6.1,8.8,8.23,B,3,1,2023
2000004387,100107464901,44,1,22,9.3,16,6.7,1.9,6.6,5.73,C,3,1,2023
2000004154,100107464901,44,0,22,10.0,0,0.0,6.8,7.3,7.6899999999999995,B,3,1,2023
2000004070,100107464901,44,1,22,10.0,0,0.0,6.7,8.2,8.11,B,3,1,2023
2000003979,100107464901,44,1,22,10.0,0,0.0,2.5,9.1,7.3,B,3,1,2023
2000004110,100107464901,44,1,24,9.5,12,5.0,7.3,5.2,6.6899999999999995,C,3,1,2023
2000004900,100107464901,44,1,23,9.8,4,1.7,0.4,8.2,6.18,C,3,1,2023
2000005824,100107464901,44,1,22,10.0,0,0.0,1.0,4.9,4.75,D,3,1,2023
2000003434,100107464901,44,1,22,10.0,0,0.0,9.6,8.9,9.33,A,3,1,2023
2000001001,100107464901,44,1,22,9.8,4,1.7,6.4,4.6,6.18,C,3,1,2023
2000005302,100107464901,44,0,23,10.0,0,0.0,8.9,7.2,8.27,B,3,1,2023
2000003308,100107464901,44,1,22,9.6,8,3.3,4.8,4.3,5.51,C,3,1,2023
2000006345,100107464901,44,1,22,10.0,0,0.0,9.1,4.1,6.78,C,3,1,2023
2000003127,100107464901,44,1,22,10.0,0,0.0,2.4,5.2,5.32,C,3,1,2023
2000006018,100107464901,44,1,22,10.0,0,0.0,9.3,5.3,7.4399999999999995,B,3,1,2023
2000004278,100107464901,44,1,22,10.0,0,0.0,4.5,8.9,7.8,B,3,1,2023
2011551765,100107464901,44,1,24,10.0,0,0.0,0.1,8.4,6.23,C,3,1,2023
2000001008,100107464901,44,1,22,10.0,0,0.0,7.6,7.2,7.879999999999999,B,3,1,2023
2000001094,100107464902,44,1,22,10.0,0,0.0,5.9,9.9,8.72,A,3,1,2023
2000003649,100107464902,44,1,22,9.6,8,3.3,5.3,4.7,5.859999999999999,C,3,1,2023
2000004220,100107464902,44,1,22,9.5,12,5.0,8.3,9.6,9.190000000000001,A,3,1,2023
2000002664,100107464902,44,1,22,10.0,0,0.0,3.0,7.6,6.699999999999999,C,3,1,2023
2000002491,100107464902,44,1,22,9.1,20,8.3,0.3,8.4,6.11,C,3,1,2023
2000002665,100107464902,44,1,22,10.0,0,0.0,4.1,9.5,7.9799999999999995,B,3,1,2023
2000004762,100107464902,44,1,24,10.0,0,0.0,1.7,7.8,6.41,C,3,1,2023
2000000655,100107464902,44,1,22,10.0,0,0.0,4.2,4.9,5.71,C,3,1,2023
2000001530,100107464902,44,1,22,10.0,0,0.0,4.8,9.4,8.14,B,3,1,2023
2000002677,100107464902,44,0,26,10.0,0,0.0,0.5,4.8,4.55,D,3,1,2023
2000003076,100107464902,44,1,22,10.0,0,0.0,8.1,8.4,8.629999999999999,A,3,1,2023
2000004394,100107464902,44,1,24,9.5,12,5.0,9.4,8.1,8.77,A,3,1,2023
2100004092,100107464902,44,1,21,9.1,20,8.3,0.1,6.5,5.1,C,3,1,2023
2100008882,100107464902,44,1,21,9.5,12,5.0,0.7,5.5,4.86,D,3,1,2023
2100010440,100107464902,44,1,21,9.8,4,1.7,0.7,5.7,5.0200000000000005,C,3,1,2023
2000000998,100107464902,44,1,23,9.8,4,1.7,9.0,7.1,8.21,B,3,1,2023
2000002672,100107464902,44,1,22,10.0,0,0.0,8.7,5.5,7.359999999999999,B,3,1,2023
2000003645,100107464902,44,1,22,9.6,8,3.3,3.3,5.3,5.56,C,3,1,2023
2200001483,100107464902,44,1,20,9.8,4,1.7,3.5,5.6,5.8100000000000005,C,3,1,2023
1911546534,100107464902,44,1,23,9.0,24,10.0,3.3,5.1,5.34,C,3,1,2023
2000002514,100107464902,44,0,22,10.0,0,0.0,5.7,5.1,6.26,C,3,1,2023
2000006633,100107464902,44,1,22,9.8,4,1.7,3.6,6.2,6.140000000000001,C,3,1,2023
2000005479,100107464902,44,1,22,10.0,0,0.0,0.3,5.2,4.6899999999999995,D,3,1,2023
2000000558,100107464902,44,1,22,10.0,0,0.0,7.5,7.7,8.1,B,3,1,2023
2000004365,100107464902,44,1,22,9.8,4,1.7,4.9,4.7,5.78,C,3,1,2023
2000006638,100107464902,44,1,22,10.0,0,0.0,4.1,9.5,7.9799999999999995,B,3,1,2023
2200002135,100107465003,4,1,20,10.0,0,0.0,7.5,4.2,6.35,C,3,3,2022
2200008609,100107465003,4,1,20,9.7,3,2.2,9.7,8.2,8.95,A,3,3,2022
2200000946,100107465003,4,0,20,9.3,9,6.7,1.1,9.6,6.99,C,3,3,2022
2200000873,100107465003,4,1,20,8.0,27,20.0,7.4,9.8,8.72,A,3,3,2022
2200000633,100107465003,4,1,20,9.5,6,4.4,5.4,5.6,6.32,C,3,3,2022
2200003471,100107465003,4,1,20,8.2,24,17.8,6.6,9.1,8.17,B,3,3,2022
2200004766,100107465003,4,0,20,9.3,9,6.7,8.9,6.5,7.78,B,3,3,2022
2200006695,100107465003,4,1,20,8.6,18,13.3,4.6,6.7,6.449999999999999,C,3,3,2022
2200008421,100107465003,4,1,20,9.1,12,8.9,3.6,5.5,5.65,C,3,3,2022
2200004236,100107465003,4,1,20,9.1,12,8.9,4.0,5.1,5.57,C,3,3,2022
2200002160,100107465003,4,1,20,9.7,3,2.2,0.7,8.5,6.4,C,3,3,2022
2200004825,100107465003,4,1,20,10.0,0,0.0,5.8,8.5,7.99,B,3,3,2022
2200007177,100107465003,4,1,20,10.0,0,0.0,6.8,8.2,8.14,B,3,3,2022
2200006124,100107465003,4,1,20,9.7,3,2.2,8.4,4.3,6.609999999999999,C,3,3,2022
2200006122,100107465003,4,1,20,10.0,0,0.0,4.4,5.3,5.970000000000001,C,3,3,2022
2200005842,100107465003,4,1,20,10.0,0,0.0,3.7,5.9,6.0600000000000005,C,3,3,2022
2200005824,100107465003,4,0,20,9.7,3,2.2,4.6,5.1,5.869999999999999,C,3,3,2022
2200005193,100107465003,4,1,20,10.0,0,0.0,0.2,4.4,4.26,D,3,3,2022
2200005098,100107465003,4,1,22,10.0,0,0.0,8.5,7.0,8.05,B,3,3,2022
2200005231,100107465003,4,1,20,10.0,0,0.0,3.6,6.3,6.23,C,3,3,2022
2200004831,100107465003,4,1,20,9.7,3,2.2,7.4,6.0,7.16,B,3,3,2022
2200004209,100107465003,4,1,20,10.0,0,0.0,1.7,9.2,7.109999999999999,B,3,3,2022
2200002925,100107465003,4,1,20,10.0,0,0.0,2.9,4.8,5.27,C,3,3,2022
2011549832,100107465003,4,1,25,8.2,24,17.8,4.0,5.6,5.64,C,3,3,2022
2200002238,100107465003,4,1,20,9.3,9,6.7,3.8,4.9,5.45,C,3,3,2022
2200005605,100107465003,4,1,20,9.7,3,2.2,5.0,7.9,7.390000000000001,B,3,3,2022
2000001371,100107465101,42,1,22,8.2,22,17.8,4.4,8.7,7.31,B,3,1,2023
1911546534,100107465101,42,1,23,7.5,33,24.4,9.3,10.0,9.29,A,3,1,2023
2000000740,100107465101,42,1,22,10.0,0,0.0,3.1,5.3,5.58,C,3,1,2023
2000002441,100107465101,42,1,22,9.7,3,2.2,1.3,6.4,5.53,C,3,1,2023
2000003730,100107465101,42,1,22,10.0,0,0.0,4.9,7.9,7.42,B,3,1,2023
2000001001,100107465101,42,1,22,9.7,3,2.2,7.9,4.6,6.61,C,3,1,2023
2000002449,100107465101,42,1,23,9.7,3,2.2,0.7,6.1,5.199999999999999,C,3,1,2023
2000003434,100107465101,42,1,22,10.0,0,0.0,2.7,6.9,6.26,C,3,1,2023
2000003127,100107465101,42,1,22,9.7,3,2.2,4.4,7.0,6.76,C,3,1,2023
2000002514,100107465101,42,0,22,8.8,15,11.1,0.8,5.6,4.8,D,3,1,2023
2000002380,100107465101,42,1,22,10.0,0,0.0,1.3,7.3,6.04,C,3,1,2023
2000001008,100107465101,42,1,22,10.0,0,0.0,6.9,4.1,6.12,C,3,1,2023
2000003640,100107465101,42,1,22,10.0,0,0.0,3.3,8.7,7.34,B,3,1,2023
2000004110,100107465101,42,1,24,9.5,2,4.4,9.3,6.8,8.09,B,3,1,2023
2000002725,100107465101,42,1,22,10.0,0,0.0,2.8,7.2,6.4399999999999995,C,3,1,2023
2000001452,100107465101,42,1,22,9.7,3,2.2,2.5,4.4,4.890000000000001,D,3,1,2023
2000004762,100107465101,42,1,24,9.5,6,4.4,8.7,6.7,7.859999999999999,B,3,1,2023
2000005824,100107465101,42,1,22,9.1,10,8.9,2.6,8.8,7.0,B,3,1,2023
2000003074,100107465101,42,1,22,9.7,1,2.2,4.6,6.6,6.619999999999999,C,3,1,2023
2000002779,100107465101,42,0,22,8.8,15,11.1,8.3,6.1,7.3,B,3,1,2023
2000003418,100107465101,42,1,22,9.5,6,4.4,9.3,9.9,9.64,A,3,1,2023
2011549832,100107465101,42,1,25,9.1,12,8.9,0.1,9.2,6.449999999999999,C,3,1,2023
2000003979,100107465101,42,1,22,10.0,0,0.0,5.5,4.6,5.949999999999999,C,3,1,2023
2000002097,100107465101,42,1,22,8.8,15,11.1,7.0,5.0,6.36,C,3,1,2023
2000004278,100107465101,42,1,22,9.3,9,6.7,3.3,6.7,6.2,C,3,1,2023
2011549746,100107465101,42,0,22,9.7,3,2.2,3.3,7.1,6.4799999999999995,C,3,1,2023
2000004387,100107465101,42,1,22,8.4,21,15.6,2.2,4.3,4.49,D,3,1,2023
2000003678,100107465101,42,1,22,9.1,12,8.9,3.8,6.5,6.21,C,3,1,2023
2000004457,100107465101,42,1,22,10.0,0,0.0,1.8,4.6,4.84,D,3,1,2023
2000003308,100107465101,42,1,22,9.7,3,2.2,5.4,6.6,6.859999999999999,C,3,1,2023
2000006018,100107465101,42,1,22,10.0,0,0.0,7.2,5.1,6.71,C,3,1,2023
2000004154,100107465101,42,0,22,9.7,3,2.2,5.5,4.1,5.64,C,3,1,2023
2000004900,100107465101,42,1,23,9.7,3,2.2,1.3,9.1,6.88,C,3,1,2023
2000006161,100107465101,42,1,22,9.7,3,2.2,5.5,8.4,7.79,B,3,1,2023
2011551765,100107465101,42,1,24,9.7,3,2.2,3.8,4.1,5.13,C,3,1,2023
2000006345,100107465102,42,1,22,9.3,9,6.7,8.1,6.8,7.6899999999999995,B,3,1,2023
2000004070,100107465102,42,1,22,9.7,3,2.2,6.5,4.3,6.039999999999999,C,3,1,2023
2000006633,100107465102,42,1,22,10.0,0,0.0,8.3,9.6,9.29,A,3,1,2023
2000004220,100107465102,42,1,22,9.3,9,6.7,3.9,4.1,5.08,C,3,1,2023
2100011310,100107465102,42,1,21,9.5,6,4.4,2.4,9.9,7.57,B,3,1,2023
2000004365,100107465102,42,1,22,9.3,9,6.7,7.9,5.3,6.880000000000001,C,3,1,2023
2000000558,100107465102,42,1,22,9.3,9,6.7,5.7,9.8,8.47,B,3,1,2023
2000000998,100107465102,42,1,23,9.3,9,6.7,6.6,8.4,8.04,B,3,1,2023
2000005479,100107465102,42,1,22,10.0,0,0.0,9.9,6.1,8.02,B,3,1,2023
2000003076,100107465102,42,1,22,10.0,0,0.0,4.5,4.7,5.699999999999999,C,3,1,2023
2000006638,100107465102,42,1,22,10.0,0,0.0,6.1,8.7,8.18,B,3,1,2023
2000003645,100107465102,42,1,22,9.3,7,6.7,4.0,9.4,7.760000000000001,B,3,1,2023
2000002677,100107465102,42,0,26,9.5,4,4.4,9.6,9.1,9.33,A,3,1,2023
2000002665,100107465102,42,1,22,9.5,6,4.4,5.5,9.1,8.1,B,3,1,2023
2000002664,100107465102,42,1,22,9.5,6,4.4,3.7,7.8,6.91,C,3,1,2023
2000002491,100107465102,42,1,22,8.6,12,13.3,0.4,8.8,6.24,C,3,1,2023
2000001094,100107465102,42,1,22,10.0,0,0.0,1.0,4.4,4.5,D,3,1,2023
2200006071,100107465102,42,1,20,9.7,3,2.2,4.8,4.6,5.68,C,3,1,2023
2100003991,100107465102,42,1,21,8.0,27,20.0,9.6,9.6,9.280000000000001,A,3,1,2023
2100002240,100107465102,42,1,21,9.7,3,2.2,3.4,6.4,6.16,C,3,1,2023
2000000655,100107465102,42,1,22,9.7,3,2.2,7.7,7.3,7.9,B,3,1,2023
2000001530,100107465102,42,1,22,10.0,0,0.0,1.4,6.4,5.62,C,3,1,2023
1900007784,100107465102,42,1,23,9.1,10,8.9,6.8,7.2,7.460000000000001,B,3,1,2023
2000003905,100107465102,42,1,22,8.8,15,11.1,4.1,6.8,6.390000000000001,C,3,1,2023
2000002672,100107465102,42,1,22,10.0,0,0.0,4.7,9.5,8.16,B,3,1,2023
2000004394,100107465102,42,1,24,9.5,6,4.4,9.8,6.8,8.24,B,3,1,2023
2000003649,100107465102,42,1,22,9.5,6,4.4,0.0,9.0,6.4,C,3,1,2023
2200011116,100107470502,3,1,20,9.8,3,1.3,8.9,8.8,9.030000000000001,A,3,2,2022
2200002160,100107470502,3,1,20,10.0,0,0.0,5.6,7.6,7.4799999999999995,B,3,2,2022
2200002193,100107470502,3,1,20,10.0,0,0.0,2.0,5.3,5.25,C,3,2,2022
2200010474,100107470502,3,1,20,9.8,3,1.3,8.6,7.8,8.44,B,3,2,2022
2200002592,100107470502,3,1,20,10.0,0,0.0,0.9,6.5,5.52,C,3,2,2022
2200009759,100107470502,3,1,21,9.8,3,1.3,2.1,4.2,4.69,D,3,2,2022
2200008277,100107470502,3,1,20,10.0,0,0.0,7.6,8.2,8.379999999999999,B,3,2,2022
2200006549,100107470502,3,1,20,9.8,3,1.3,8.7,9.8,9.47,A,3,2,2022
2200011295,100107470502,3,1,20,9.8,3,1.3,1.8,8.2,6.6,C,3,2,2022
2200003649,100107470502,3,1,20,9.8,3,1.3,7.2,5.2,6.720000000000001,C,3,2,2022
2200002135,100107470502,3,1,20,10.0,0,0.0,8.2,5.1,7.009999999999999,B,3,2,2022
2200003451,100107470502,3,1,21,9.8,3,1.3,6.8,4.3,6.15,C,3,2,2022
2200003358,100107470502,3,1,20,9.8,3,1.3,6.0,8.9,8.21,B,3,2,2022
2200002704,100107470502,3,1,21,9.8,3,1.3,2.7,7.9,6.720000000000001,C,3,2,2022
2200002464,100107470502,3,1,20,10.0,0,0.0,3.6,4.2,5.18,C,3,2,2022
2200001578,100107470502,3,1,20,10.0,0,0.0,4.3,7.4,6.99,C,3,2,2022
2000000998,100107470502,3,1,23,9.8,3,1.3,8.8,9.4,9.3,A,3,2,2022
2200000633,100107470502,3,1,20,10.0,0,0.0,2.7,8.5,7.0600000000000005,B,3,2,2022
2200010174,100107470502,3,1,20,9.8,3,1.3,3.2,9.2,7.52,B,3,2,2022
2200003893,100107470502,3,1,20,10.0,0,0.0,9.0,7.3,8.35,B,3,2,2022
2200003614,100107470502,3,1,20,10.0,0,0.0,1.4,4.9,4.87,D,3,2,2022
2200002925,100107470502,3,1,20,10.0,0,0.0,4.9,10.0,8.469999999999999,B,3,2,2022
2200002309,100107470502,3,1,20,10.0,0,0.0,8.1,6.8,7.83,B,3,2,2022
2200002177,100107470502,3,1,20,10.0,0,0.0,3.2,7.1,6.51,C,3,2,2022
2200000601,100107470502,3,1,20,10.0,0,0.0,5.6,6.6,6.9799999999999995,C,3,2,2022
2200003930,100107470502,3,1,20,10.0,0,0.0,7.4,8.0,8.22,B,3,2,2022
2200003539,100107470502,3,1,21,10.0,0,0.0,3.1,9.1,7.4799999999999995,B,3,2,2022
2200004133,100107470502,3,1,20,10.0,0,0.0,1.6,9.5,7.23,B,3,2,2022
2200003174,100107470502,3,1,20,10.0,0,0.0,1.7,9.3,7.16,B,3,2,2022
2200006775,100107470502,3,1,20,9.8,3,1.3,0.2,6.7,5.37,C,3,2,2022
2200000318,100107470502,3,1,20,9.8,3,1.3,7.8,7.4,8.0,B,3,2,2022
2200002238,100107470502,3,1,20,10.0,0,0.0,5.0,7.0,7.0,B,3,2,2022
2200002340,100107470502,3,1,20,10.0,0,0.0,3.2,9.0,7.46,B,3,2,2022
2200002824,100107470502,3,1,20,10.0,0,0.0,8.1,4.0,6.43,C,3,2,2022
2200002540,100107470502,3,1,20,10.0,0,0.0,8.1,9.8,9.33,A,3,2,2022
2200002438,100107470502,3,0,20,10.0,0,0.0,1.0,8.7,6.6499999999999995,C,3,2,2022
2100011754,100107471601,18,1,21,9.5,12,5.0,7.3,9.8,8.99,A,3,2,2022
2100010687,100107471601,18,1,21,9.6,8,3.3,6.9,5.7,6.84,C,3,2,2022
2100003547,100107471601,18,1,21,9.8,4,1.7,1.8,5.1,5.05,C,3,2,2022
2100006037,100107471601,18,1,22,9.6,8,3.3,5.3,4.5,5.76,C,3,2,2022
2100005858,100107471601,18,1,21,10.0,0,0.0,1.9,4.7,4.92,D,3,2,2022
2100006642,100107471601,18,1,21,10.0,0,0.0,1.3,5.6,5.1899999999999995,C,3,2,2022
2100009011,100107471601,18,1,23,10.0,0,0.0,3.0,4.4,5.1,C,3,2,2022
2100007916,100107471601,18,1,21,9.6,8,3.3,5.0,5.7,6.27,C,3,2,2022
2100006970,100107471601,18,1,21,9.8,4,1.7,5.8,9.1,8.25,B,3,2,2022
2100010440,100107471601,18,1,21,10.0,0,0.0,3.5,6.7,6.4,C,3,2,2022
2100010263,100107471601,18,1,21,10.0,0,0.0,4.6,7.5,7.13,B,3,2,2022
2100012066,100107471601,18,1,21,9.6,8,3.3,6.8,4.5,6.21,C,3,2,2022
1900008106,100107471601,18,1,23,10.0,0,0.0,6.8,9.9,8.99,A,3,2,2022
2100005013,100107471601,18,1,21,9.6,8,3.3,1.9,8.4,6.6899999999999995,C,3,2,2022
2100004337,100107471601,18,1,21,9.8,4,1.7,8.0,8.4,8.56,A,3,2,2022
2100002939,100107471601,18,1,21,9.8,4,1.7,8.8,8.6,8.9,A,3,2,2022
2100003991,100107471601,18,1,21,9.5,12,5.0,1.6,4.4,4.58,D,3,2,2022
2100004703,100107471601,18,1,21,9.8,4,1.7,4.7,6.1,6.42,C,3,2,2022
2100005423,100107471601,18,1,21,9.8,4,1.7,5.2,4.8,5.92,C,3,2,2022
2100003779,100107471601,18,1,21,9.8,4,1.7,8.2,7.1,7.97,B,3,2,2022
2100003936,100107471601,18,1,21,9.6,8,3.3,2.6,9.6,7.5,B,3,2,2022
2100005569,100107471602,18,1,21,9.8,4,1.7,4.0,9.0,7.66,B,3,2,2022
2100008134,100107471602,18,0,21,10.0,0,0.0,4.3,9.4,7.99,B,3,2,2022
2100008035,100107471602,18,1,21,10.0,0,0.0,5.4,5.6,6.42,C,3,2,2022
2100012291,100107471602,18,1,21,10.0,0,0.0,9.9,4.9,7.420000000000001,B,3,2,2022
2100010315,100107471602,18,1,21,10.0,0,0.0,0.2,6.1,5.109999999999999,C,3,2,2022
2100009840,100107471602,18,1,21,10.0,0,0.0,7.1,9.1,8.68,A,3,2,2022
2100006285,100107471602,18,1,21,9.8,4,1.7,0.3,7.5,5.800000000000001,C,3,2,2022
2100012040,100107471602,18,1,21,10.0,0,0.0,0.7,6.1,5.26,C,3,2,2022
2100005929,100107471602,18,1,21,10.0,0,0.0,10.0,9.7,9.85,A,3,2,2022
2100011740,100107471602,18,1,21,10.0,0,0.0,8.9,6.5,7.92,B,3,2,2022
2100005686,100107471602,18,1,21,10.0,0,0.0,8.2,4.8,6.859999999999999,C,3,2,2022
2100006443,100107471602,18,1,22,9.6,8,3.3,4.0,7.9,7.07,B,3,2,2022
2100008107,100107471602,18,1,21,10.0,0,0.0,6.7,6.7,7.359999999999999,B,3,2,2022
2100009490,100107471602,18,1,21,10.0,0,0.0,6.8,9.3,8.690000000000001,A,3,2,2022
2100009421,100107471602,18,0,21,10.0,0,0.0,2.0,7.1,6.15,C,3,2,2022
2100008178,100107471602,18,1,21,10.0,0,0.0,0.2,8.9,6.51,C,3,2,2022
2100004426,100107471602,18,1,21,9.8,4,1.7,4.9,6.2,6.53,C,3,2,2022
2100005011,100107471602,18,1,21,9.6,8,3.3,8.1,5.8,7.25,B,3,2,2022
2100004729,100107471602,18,1,21,10.0,0,0.0,0.1,6.4,5.23,C,3,2,2022
2100003978,100107471602,18,1,21,10.0,0,0.0,9.3,4.7,7.140000000000001,B,3,2,2022
2100002892,100107471602,18,1,21,10.0,0,0.0,7.2,5.3,6.8100000000000005,C,3,2,2022
2100003979,100107471602,18,1,21,9.6,8,3.3,5.9,8.3,7.84,B,3,2,2022
2100002099,100107471602,18,1,21,10.0,0,0.0,5.0,7.3,7.15,B,3,2,2022
2100003025,100107471602,18,1,21,10.0,0,0.0,6.1,6.5,7.08,B,3,2,2022
2100003284,100107471602,18,1,21,10.0,0,0.0,3.9,5.7,6.02,C,3,2,2022
2100002891,100107471602,18,1,21,10.0,0,0.0,6.4,4.6,6.22,C,3,2,2022
2100004816,100107471602,18,1,21,9.8,4,1.7,9.1,7.8,8.59,A,3,2,2022
2100011741,100107471603,18,1,21,9.8,4,1.7,3.9,5.1,5.68,C,3,2,2022
2100002240,100107471603,18,1,21,10.0,0,0.0,7.5,5.1,6.8,C,3,2,2022
2100011852,100107471603,18,1,21,10.0,0,0.0,6.0,5.8,6.699999999999999,C,3,2,2022
2100006019,100107471603,18,1,21,9.8,4,1.7,1.0,6.4,5.460000000000001,C,3,2,2022
2100006053,100107471603,18,1,21,9.1,20,8.3,5.9,8.0,7.59,B,3,2,2022
2100011848,100107471603,18,1,21,9.1,20,8.3,5.6,7.6,7.3,B,3,2,2022
2100005112,100107471603,18,1,21,10.0,0,0.0,7.8,7.8,8.24,B,3,2,2022
2100005113,100107471603,18,1,22,9.1,20,8.3,3.1,9.0,7.25,B,3,2,2022
2100002440,100107471603,18,1,22,10.0,0,0.0,4.4,8.0,7.32,B,3,2,2022
2100004750,100107471603,18,1,21,10.0,0,0.0,3.3,9.9,7.9399999999999995,B,3,2,2022
2100004923,100107471603,18,1,21,9.8,4,1.7,8.2,7.2,8.02,B,3,2,2022
2100004330,100107471603,18,1,22,9.8,4,1.7,1.8,4.1,4.55,D,3,2,2022
2100011992,100107471603,18,1,21,10.0,0,0.0,5.8,8.6,8.04,B,3,2,2022
2000004070,100107471603,18,1,22,9.8,4,1.7,9.9,4.1,6.98,C,3,2,2022
2100007107,100107471603,18,1,21,9.8,4,1.7,6.0,5.2,6.359999999999999,C,3,2,2022
2100002375,100107471603,18,1,21,9.8,4,1.7,5.2,6.1,6.57,C,3,2,2022
2100012116,100107471603,18,1,21,10.0,0,0.0,8.4,9.3,9.17,A,3,2,2022
2100009299,100107471603,18,0,21,10.0,0,0.0,2.0,8.3,6.75,C,3,2,2022
2200003893,100107471603,18,1,20,9.8,4,1.7,8.6,8.6,8.84,A,3,2,2022
2100011976,100107471603,18,1,21,10.0,0,0.0,6.8,8.0,8.04,B,3,2,2022
2100006443,100107472401,48,1,22,9.8,4,1.7,6.6,9.4,8.64,A,3,3,2022
2100008035,100107472401,48,1,21,9.8,4,1.7,9.4,6.7,8.13,B,3,3,2022
2100008178,100107472401,48,1,21,10.0,0,0.0,9.3,4.0,6.79,C,3,3,2022
2100003025,100107472401,48,1,21,10.0,0,0.0,3.9,8.5,7.42,B,3,3,2022
2100012066,100107472401,48,1,21,9.6,8,3.3,10.0,7.1,8.469999999999999,B,3,3,2022
2100006285,100107472401,48,1,21,9.8,4,1.7,2.7,4.5,5.0200000000000005,C,3,3,2022
2100009421,100107472401,48,0,21,10.0,0,0.0,0.9,7.4,5.970000000000001,C,3,3,2022
2100004703,100107472401,48,1,21,10.0,0,0.0,0.9,8.0,6.27,C,3,3,2022
2100008134,100107472401,48,0,21,10.0,0,0.0,8.2,4.8,6.859999999999999,C,3,3,2022
2100003979,100107472401,48,1,21,9.8,4,1.7,1.7,5.3,5.12,C,3,3,2022
2100010687,100107472401,48,1,21,9.6,8,3.3,10.0,5.8,7.82,B,3,3,2022
2100010263,100107472401,48,1,21,9.8,4,1.7,5.6,9.8,8.540000000000001,A,3,3,2022
2100004426,100107472401,48,1,21,9.8,4,1.7,9.6,5.6,7.64,B,3,3,2022
2100006642,100107472401,48,1,21,9.8,4,1.7,7.5,4.9,6.66,C,3,3,2022
2100006970,100107472401,48,1,21,10.0,0,0.0,4.7,9.8,8.31,B,3,3,2022
2100005011,100107472401,48,1,21,9.8,4,1.7,3.5,5.3,5.66,C,3,3,2022
2100004816,100107472401,48,1,21,9.8,4,1.7,5.8,9.2,8.3,B,3,3,2022
2100002891,100107472401,48,1,21,10.0,0,0.0,7.0,4.0,6.1,C,3,3,2022
2100002892,100107472401,48,1,21,10.0,0,0.0,4.5,6.1,6.3999999999999995,C,3,3,2022
2100008107,100107472401,48,1,21,10.0,0,0.0,10.0,4.3,7.15,B,3,3,2022
2100004822,100107472401,48,1,21,9.8,4,1.7,6.9,8.2,8.129999999999999,B,3,3,2022
2100004092,100107472401,48,1,21,9.5,12,5.0,9.2,5.5,7.41,B,3,3,2022
2100012040,100107472401,48,1,21,10.0,0,0.0,4.9,5.4,6.17,C,3,3,2022
1900007784,100107472401,48,1,23,9.0,24,10.0,0.2,8.0,5.86,C,3,3,2022
2100011741,100107472401,48,1,21,9.8,4,1.7,4.1,5.1,5.74,C,3,3,2022
2200000873,100107472401,48,1,20,9.3,16,6.7,8.8,7.5,8.25,B,3,3,2022
2100011852,100107472401,48,1,21,10.0,0,0.0,6.3,9.1,8.44,B,3,3,2022
2100007994,100107472401,48,1,23,10.0,0,0.0,8.5,4.7,6.9,C,3,3,2022
2100002375,100107472401,48,1,21,9.8,4,1.7,1.6,6.4,5.640000000000001,C,3,3,2022
2100012076,100107472401,48,1,23,10.0,0,0.0,2.5,4.1,4.8,D,3,3,2022
2100004729,100107472401,48,1,21,9.8,4,1.7,3.4,9.3,7.630000000000001,B,3,3,2022
2100003991,100107472401,48,1,21,9.5,12,5.0,4.5,5.6,6.05,C,3,3,2022
2100004330,100107472401,48,1,22,10.0,0,0.0,9.7,6.2,8.01,B,3,3,2022
2100009299,100107472402,48,0,21,9.8,4,1.7,5.1,9.4,8.190000000000001,B,3,3,2022
2100004235,100107472402,48,1,21,10.0,0,0.0,2.4,7.7,6.57,C,3,3,2022
2100003284,100107472402,48,1,21,10.0,0,0.0,9.4,4.7,7.17,B,3,3,2022
2100003978,100107472402,48,1,21,10.0,0,0.0,2.6,8.9,7.23,B,3,3,2022
2100010315,100107472402,48,1,21,10.0,0,0.0,2.5,5.9,5.7,C,3,3,2022
2100002939,100107472402,48,1,21,9.8,4,1.7,7.4,7.3,7.83,B,3,3,2022
2100012116,100107472402,48,1,21,9.6,8,3.3,1.8,7.5,6.21,C,3,3,2022
2100011992,100107472402,48,1,21,10.0,0,0.0,1.4,5.1,4.97,D,3,3,2022
2200001377,100107472402,48,1,23,10.0,0,0.0,5.6,9.0,8.18,B,3,3,2022
2100003779,100107472402,48,1,21,9.8,4,1.7,7.2,7.4,7.82,B,3,3,2022
2100005569,100107472402,48,1,21,10.0,0,0.0,0.6,8.9,6.630000000000001,C,3,3,2022
2100005686,100107472402,48,1,21,10.0,0,0.0,2.9,8.0,6.87,C,3,3,2022
2100005929,100107472402,48,1,21,10.0,0,0.0,0.9,6.7,5.62,C,3,3,2022
2100004451,100107472402,48,1,22,10.0,0,0.0,8.3,5.5,7.24,B,3,3,2022
2100004998,100107472402,48,1,21,10.0,0,0.0,4.5,5.5,6.1,C,3,3,2022
2100009025,100107472402,48,1,21,10.0,0,0.0,6.0,6.6,7.1,B,3,3,2022
2100010779,100107472402,48,1,21,10.0,0,0.0,7.4,7.7,8.07,B,3,3,2022
2100011976,100107472402,48,1,21,10.0,0,0.0,5.6,5.5,6.43,C,3,3,2022
2100002099,100107472402,48,1,21,10.0,0,0.0,5.2,9.2,8.16,B,3,3,2022
2100006019,100107472402,48,1,21,9.6,8,3.3,5.8,6.1,6.71,C,3,3,2022
2100004750,100107472402,48,1,21,9.8,4,1.7,4.6,6.4,6.54,C,3,3,2022
2100002440,100107472402,48,1,22,10.0,0,0.0,1.2,5.5,5.109999999999999,C,3,3,2022
2100008882,100107472402,48,1,21,9.8,4,1.7,4.8,4.2,5.5,C,3,3,2022
2100009011,100107472402,48,1,23,10.0,0,0.0,6.9,9.2,8.67,A,3,3,2022
2100005858,100107472402,48,1,21,10.0,0,0.0,6.9,6.7,7.42,B,3,3,2022
2100009840,100107472402,48,1,21,9.8,4,1.7,3.1,4.7,5.24,C,3,3,2022
2100005423,100107472402,48,1,21,10.0,0,0.0,2.1,7.9,6.58,C,3,3,2022
2100009490,100107472402,48,1,21,10.0,0,0.0,6.8,9.6,8.84,A,3,3,2022
2100012291,100107472402,48,1,21,10.0,0,0.0,5.3,6.9,7.04,B,3,3,2022
2100002240,100107472402,48,1,21,10.0,0,0.0,5.3,7.0,7.09,B,3,3,2022
2100004337,100107472402,48,1,21,10.0,0,0.0,1.8,9.6,7.34,B,3,3,2022
2100005112,100107472402,48,1,21,9.6,8,3.3,8.5,5.0,6.97,C,3,3,2022
2100011740,100107472402,48,1,21,10.0,0,0.0,7.5,5.0,6.75,C,3,3,2022
2100011740,100107626901,31,1,21,10.0,0,0.0,6.7,4.8,6.41,C,3,2,2022
2100009840,100107626901,31,1,21,10.0,0,0.0,8.0,9.1,8.95,A,3,2,2022
2100004998,100107626901,31,1,21,9.8,4,1.7,5.1,4.9,5.94,C,3,2,2022
2100010315,100107626901,31,1,21,10.0,0,0.0,1.0,5.9,5.25,C,3,2,2022
2100005858,100107626901,31,1,21,9.6,8,3.3,7.6,9.2,8.799999999999999,A,3,2,2022
2100010779,100107626901,31,1,21,10.0,0,0.0,4.9,4.7,5.82,C,3,2,2022
2100011992,100107626901,31,1,21,10.0,0,0.0,3.5,8.4,7.25,B,3,2,2022
2100012066,100107626901,31,1,21,9.6,8,3.3,2.2,6.6,5.88,C,3,2,2022
2100004923,100107626901,31,1,21,10.0,0,0.0,4.7,4.1,5.46,C,3,2,2022
2100012291,100107626901,31,1,21,10.0,0,0.0,7.9,4.2,6.470000000000001,C,3,2,2022
2100005113,100107626901,31,1,22,9.3,16,6.7,3.2,9.8,7.720000000000001,B,3,2,2022
2000004900,100107626901,31,1,23,9.6,8,3.3,5.6,5.5,6.35,C,3,2,2022
2100010687,100107626901,31,1,21,9.8,4,1.7,4.3,9.3,7.9,B,3,2,2022
2100006019,100107626901,31,1,21,9.5,12,5.0,6.5,10.0,8.85,A,3,2,2022
2000001001,100107626901,31,1,22,10.0,0,0.0,8.8,5.2,7.24,B,3,2,2022
2100006053,100107626901,31,1,21,10.0,0,0.0,2.7,5.8,5.71,C,3,2,2022
2100008107,100107626903,31,1,21,9.8,4,1.7,5.4,6.3,6.73,C,3,2,2022
2100004750,100107626903,31,1,21,10.0,0,0.0,8.8,5.9,7.590000000000001,B,3,2,2022
2100008178,100107626903,31,1,21,10.0,0,0.0,3.9,4.5,5.42,C,3,2,2022
2100007107,100107626903,31,1,21,9.8,4,1.7,3.2,9.6,7.72,B,3,2,2022
2100004330,100107626903,31,1,22,9.8,4,1.7,3.6,4.9,5.49,C,3,2,2022
2100009299,100107626903,31,0,21,10.0,0,0.0,1.8,6.6,5.84,C,3,2,2022
2100002440,100107626903,31,1,22,10.0,0,0.0,6.1,8.6,8.129999999999999,B,3,2,2022
2100012040,100107626903,31,1,21,10.0,0,0.0,5.6,10.0,8.68,A,3,2,2022
2100012116,100107626903,31,1,21,10.0,0,0.0,10.0,8.0,9.0,A,3,2,2022
2100011741,100107626903,31,1,21,9.8,4,1.7,0.2,5.2,4.62,D,3,2,2022
2100009421,100107626903,31,0,21,10.0,0,0.0,9.8,5.1,7.489999999999999,B,3,2,2022
2100008134,100107626903,31,0,21,10.0,0,0.0,7.2,6.6,7.46,B,3,2,2022
2100011852,100107626903,31,1,21,10.0,0,0.0,1.3,5.3,5.04,C,3,2,2022
2100005112,100107626903,31,1,21,9.6,8,3.3,8.1,7.2,7.949999999999999,B,3,2,2022
2100002375,100107626903,31,1,21,9.8,4,1.7,7.1,6.1,7.14,B,3,2,2022
2100011230,100107626903,31,1,22,9.6,8,3.3,5.6,8.5,7.85,B,3,2,2022
2100006970,100107626903,31,1,21,10.0,0,0.0,4.0,7.2,6.800000000000001,C,3,2,2022
2100008035,100107626903,31,1,21,9.6,8,3.3,3.8,8.2,7.159999999999999,B,3,2,2022
2100010440,100107626903,31,1,21,10.0,0,0.0,9.9,8.0,8.97,A,3,2,2022
2100003991,100107626903,31,1,21,9.5,12,5.0,0.1,5.6,4.73,D,3,2,2022
2100003025,100107626903,31,1,21,10.0,0,0.0,1.8,4.8,4.9399999999999995,D,3,2,2022
2100002891,100107626903,31,1,21,9.8,4,1.7,4.3,9.4,7.95,B,3,2,2022
2100004703,100107626903,31,1,21,9.6,8,3.3,7.9,9.4,8.99,A,3,2,2022
2000006633,100107626903,31,1,22,9.3,16,6.7,0.5,6.6,5.3100000000000005,C,3,2,2022
2100006642,100107626903,31,1,21,9.5,12,5.0,9.5,5.3,7.4,B,3,2,2022
2100012040,100107627002,37,1,21,10.0,0,0.0,0.3,6.2,5.1899999999999995,C,3,3,2022
2100012291,100107627002,37,1,21,9.8,4,1.7,1.1,6.9,5.74,C,3,3,2022
2100004330,100107627002,37,1,22,10.0,0,0.0,6.8,6.9,7.49,B,3,3,2022
2100008035,100107627002,37,1,21,9.6,8,3.3,8.8,7.2,8.16,B,3,3,2022
2100011310,100107627002,37,1,21,9.8,4,1.7,2.7,9.6,7.57,B,3,3,2022
2100005112,100107627002,37,1,21,9.8,4,1.7,7.9,4.3,6.48,C,3,3,2022
2100008107,100107627002,37,1,21,10.0,0,0.0,2.6,5.8,5.68,C,3,3,2022
2100010440,100107627002,37,1,21,10.0,0,0.0,7.7,5.7,7.16,B,3,3,2022
2100006019,100107627002,37,1,21,9.6,8,3.3,8.2,6.5,7.629999999999999,B,3,3,2022
2100009299,100107627002,37,0,21,9.8,4,1.7,5.8,7.0,7.2,B,3,3,2022
2100011852,100107627002,37,1,21,10.0,0,0.0,2.2,8.1,6.71,C,3,3,2022
2100011992,100107627002,37,1,21,10.0,0,0.0,3.3,6.6,6.289999999999999,C,3,3,2022
2100004451,100107627002,37,1,22,10.0,0,0.0,9.5,9.8,9.75,A,3,3,2022
2100010779,100107627002,37,1,21,10.0,0,0.0,9.6,5.1,7.43,B,3,3,2022
2100004998,100107627002,37,1,21,10.0,0,0.0,1.9,6.4,5.77,C,3,3,2022
2100009025,100107627002,37,1,21,10.0,0,0.0,7.6,5.8,7.18,B,3,3,2022
2100003779,100107627002,37,1,21,9.8,4,1.7,2.3,4.6,4.95,D,3,3,2022
2100011740,100107627002,37,1,21,10.0,0,0.0,9.4,7.5,8.57,A,3,3,2022
2100004750,100107627002,37,1,21,9.8,4,1.7,3.7,7.4,6.7700000000000005,C,3,3,2022
2100002939,100107627002,37,1,21,10.0,0,0.0,6.8,4.4,6.24,C,3,3,2022
2100002099,100107627002,37,1,21,10.0,0,0.0,1.1,7.5,6.08,C,3,3,2022
2100009490,100107627002,37,1,21,10.0,0,0.0,2.6,4.8,5.18,C,3,3,2022
2100008178,100107627002,37,1,21,10.0,0,0.0,4.2,9.7,8.11,B,3,3,2022
2100009840,100107627002,37,1,21,10.0,0,0.0,7.2,9.6,8.96,A,3,3,2022
2100004337,100107627002,37,1,21,9.8,4,1.7,5.4,5.8,6.48,C,3,3,2022
2100002891,100107627002,37,1,21,9.8,4,1.7,7.0,9.6,8.86,A,3,3,2022
2100005423,100107627002,37,1,21,10.0,0,0.0,8.6,9.5,9.33,A,3,3,2022
2100005858,100107627002,37,1,21,9.8,4,1.7,0.0,9.0,6.46,C,3,3,2022
2100003025,100107627002,37,1,21,9.6,8,3.3,9.0,5.6,7.419999999999999,B,3,3,2022
2100008134,100107627002,37,0,21,10.0,0,0.0,8.7,4.8,7.01,B,3,3,2022
2100010315,100107627002,37,1,21,10.0,0,0.0,7.2,9.6,8.96,A,3,3,2022
2100004816,100107627002,37,1,21,9.8,4,1.7,9.8,8.0,8.9,A,3,3,2022
2100005686,100107627002,37,1,21,9.8,4,1.7,8.3,7.4,8.15,B,3,3,2022
2100009421,100107627002,37,0,21,10.0,0,0.0,0.6,9.2,6.779999999999999,C,3,3,2022
2100006970,100107627002,37,1,21,10.0,0,0.0,6.5,4.4,6.15,C,3,3,2022
2000005302,100107627401,40,0,23,10.0,0,0.0,7.5,8.4,8.45,B,3,3,2022
2000006018,100107627401,40,1,22,10.0,0,0.0,0.9,8.6,6.57,C,3,3,2022
2011549746,100107627401,40,0,22,10.0,0,0.0,3.0,9.3,7.550000000000001,B,3,3,2022
2000003678,100107627401,40,1,22,9.3,12,6.7,2.2,6.3,5.67,C,3,3,2022
2000000558,100107627401,40,1,22,10.0,0,0.0,8.1,4.5,6.68,C,3,3,2022
2000004220,100107627401,40,1,22,9.5,9,5.0,4.2,5.4,5.86,C,3,3,2022
2000004070,100107627401,40,1,22,10.0,0,0.0,1.3,6.5,5.640000000000001,C,3,3,2022
2000005824,100107627401,40,1,22,9.6,6,3.3,0.3,9.5,6.76,C,3,3,2022
2000003649,100107627401,40,1,22,10.0,0,0.0,7.3,4.3,6.34,C,3,3,2022
2000003418,100107627401,40,1,22,10.0,0,0.0,3.9,5.5,5.92,C,3,3,2022
2000006161,100107627401,40,1,22,10.0,0,0.0,0.1,8.2,6.129999999999999,C,3,3,2022
2000004701,100107627401,40,1,22,9.8,3,1.7,6.4,9.2,8.48,B,3,3,2022
2000002380,100107627401,40,1,22,10.0,0,0.0,4.5,7.4,7.05,B,3,3,2022
2000003979,100107627401,40,1,22,10.0,0,0.0,8.6,6.1,7.63,B,3,3,2022
2000002441,100107627401,40,1,22,10.0,0,0.0,9.6,4.8,7.279999999999999,B,3,3,2022
2000001008,100107627401,40,1,22,10.0,0,0.0,8.3,9.4,9.190000000000001,A,3,3,2022
2000003127,100107627401,40,1,22,10.0,0,0.0,7.8,7.7,8.19,B,3,3,2022
2000001452,100107627401,40,1,22,10.0,0,0.0,2.9,7.9,6.82,C,3,3,2022
2000002672,100107627401,40,1,22,10.0,0,0.0,4.6,9.0,7.88,B,3,3,2022
2000001001,100107627401,40,1,22,10.0,0,0.0,9.4,9.3,9.47,A,3,3,2022
2000003434,100107627401,40,1,22,10.0,0,0.0,2.9,8.9,7.32,B,3,3,2022
2000003074,100107627401,40,1,22,9.6,6,3.3,2.5,9.7,7.52,B,3,3,2022
2000003076,100107627401,40,1,22,10.0,0,0.0,3.0,6.4,6.1,C,3,3,2022
2000002449,100107627401,40,1,23,10.0,0,0.0,9.9,5.8,7.870000000000001,B,3,3,2022
2000004154,100107627401,40,0,22,9.8,3,1.7,3.8,5.8,6.0,C,3,3,2022
2000004387,100107627401,40,1,22,9.6,6,3.3,9.0,6.0,7.619999999999999,B,3,3,2022
2000004457,100107627401,40,1,22,9.8,3,1.7,0.8,5.6,5.0,C,3,3,2022
2000002725,100107627401,40,1,22,10.0,0,0.0,1.8,7.4,6.24,C,3,3,2022
2000000998,100107627401,40,1,23,9.8,3,1.7,9.3,7.0,8.25,B,3,3,2022
2000003308,100107627402,40,1,22,9.6,6,3.3,0.5,4.4,4.27,D,3,3,2022
2000000740,100107627402,40,1,22,10.0,0,0.0,0.5,8.5,6.4,C,3,3,2022
2000004900,100107627402,40,1,23,9.8,3,1.7,9.1,9.9,9.64,A,3,3,2022
2000002097,100107627402,40,1,22,10.0,0,0.0,5.5,6.0,6.65,C,3,3,2022
2000001530,100107627402,40,1,22,10.0,0,0.0,0.5,5.0,4.65,D,3,3,2022
2000000050,100107627402,40,1,24,9.5,9,5.0,3.0,5.3,5.449999999999999,C,3,3,2022
2000002664,100107627402,40,1,22,10.0,0,0.0,4.1,5.4,5.93,C,3,3,2022
2000002665,100107627402,40,1,22,10.0,0,0.0,2.8,7.1,6.39,C,3,3,2022
2000002677,100107627402,40,0,26,10.0,0,0.0,7.4,4.5,6.470000000000001,C,3,3,2022
2000004394,100107627402,40,1,24,9.3,12,6.7,5.6,9.3,8.190000000000001,B,3,3,2022
2000003640,100107627402,40,1,22,10.0,0,0.0,2.8,6.0,5.84,C,3,3,2022
2000005153,100107627402,40,1,22,9.6,6,3.3,8.4,7.0,7.9399999999999995,B,3,3,2022
2000003730,100107627402,40,1,22,9.8,3,1.7,5.2,9.9,8.47,B,3,3,2022
2000003645,100107627402,40,1,22,9.8,3,1.7,1.5,4.9,4.86,D,3,3,2022
2000002779,100107627402,40,0,22,10.0,0,0.0,7.9,9.5,9.120000000000001,A,3,3,2022
2000004110,100107627402,40,1,24,9.8,3,1.7,4.1,4.2,5.29,C,3,3,2022
2000004968,100107627402,40,1,22,9.5,9,5.0,0.2,5.1,4.51,D,3,3,2022
2000004278,100107627402,40,1,22,9.8,3,1.7,5.6,4.7,5.99,C,3,3,2022
2000004365,100107627402,40,1,22,10.0,0,0.0,6.3,9.9,8.84,A,3,3,2022
2000005479,100107627402,40,1,22,10.0,0,0.0,7.1,4.4,6.33,C,3,3,2022
2000006638,100107627402,40,1,22,10.0,0,0.0,7.0,9.9,9.05,A,3,3,2022
2000002514,100107627402,40,0,22,10.0,0,0.0,1.3,6.4,5.59,C,3,3,2022
2011549832,100107627402,40,1,25,9.1,15,8.3,0.8,5.6,4.859999999999999,D,3,3,2022
2011551765,100107627402,40,1,24,10.0,0,0.0,1.0,6.0,5.3,C,3,3,2022
2000002924,100107627402,40,1,22,9.8,3,1.7,2.4,9.9,7.630000000000001,B,3,3,2022
2000006345,100107627402,40,1,22,10.0,0,0.0,8.8,7.7,8.49,B,3,3,2022
2000001094,100107463502,26,1,22,10.0,0,0.0,10.0,10.0,10.0,A,3,1,2022
2000001008,100107463502,26,1,22,10.0,0,0.0,9.0,10.0,9.7,A,3,1,2022
2000004387,100107463502,26,1,22,7.0,14,30.0,6.0,8.5,7.45,B,3,1,2022
2000002177,100107463502,26,1,22,10.0,0,0.0,6.0,10.0,8.8,A,3,1,2022
2000002380,100107463502,26,1,22,7.0,14,30.0,10.0,8.5,8.65,A,3,1,2022
2000003127,100107463502,26,1,22,10.0,0,0.0,10.0,9.5,9.75,A,3,1,2022
2011549746,100107463502,26,0,22,10.0,0,0.0,10.0,9.5,9.75,A,3,1,2022
2000005302,100107463502,26,0,23,10.0,0,0.0,9.0,9.5,9.45,A,3,1,2022
2000006161,100107463502,26,1,22,10.0,0,0.0,9.0,10.0,9.7,A,3,1,2022
2000003074,100107463502,26,1,22,10.0,0,0.0,7.0,9.0,8.6,A,3,1,2022
2000004110,100107463502,26,1,24,10.0,0,0.0,8.0,9.0,8.9,A,3,1,2022
2000005479,100107463502,26,1,22,10.0,0,0.0,10.0,8.0,9.0,A,3,1,2022
2000004701,100107463502,26,1,22,10.0,0,0.0,9.0,9.0,9.2,A,3,1,2022
2000001001,100107463502,26,1,22,10.0,0,0.0,10.0,9.0,9.5,A,3,1,2022
2000006018,100107463502,26,1,22,10.0,0,0.0,10.0,8.5,9.25,A,3,1,2022
2000003434,100107463502,26,1,22,10.0,0,0.0,10.0,9.0,9.5,A,3,1,2022
2000004278,100107463502,26,1,22,10.0,0,0.0,10.0,8.0,9.0,A,3,1,2022
2000000558,100107463502,26,1,22,10.0,0,0.0,10.0,10.0,10.0,A,3,1,2022
2000001371,100107463502,26,1,22,10.0,0,0.0,10.0,9.0,9.5,A,3,1,2022
2100004923,100107463502,26,1,21,10.0,0,0.0,10.0,8.5,9.25,A,3,1,2022
2000002677,100107463502,26,0,26,8.0,9,20.0,9.0,8.0,8.3,B,3,1,2022
2000003649,100107463502,26,1,22,10.0,0,0.0,10.0,8.0,9.0,A,3,1,2022
2000003076,100107463502,26,1,22,10.0,0,0.0,10.0,9.0,9.5,A,3,1,2022
2000003640,100107463502,26,1,22,10.0,0,0.0,10.0,8.0,9.0,A,3,1,2022
2000001530,100107463502,26,1,22,10.0,0,0.0,10.0,8.0,9.0,A,3,1,2022
2000003418,100107463502,26,1,22,10.0,0,0.0,9.0,9.0,9.2,A,3,1,2022
2000003979,100107463502,26,1,22,7.0,14,30.0,10.0,8.5,8.65,A,3,1,2022
2000003730,100107463502,26,1,22,10.0,0,0.0,10.0,9.0,9.5,A,3,1,2022
2000000655,100107463502,26,1,22,10.0,0,0.0,9.0,9.5,9.45,A,3,1,2022
2000002449,100107463502,26,1,23,10.0,0,0.0,10.0,9.0,9.5,A,3,1,2022
2000004154,100107463502,26,0,22,7.0,18,30.0,10.0,8.5,8.65,A,3,1,2022
2000004762,100107463502,26,1,24,10.0,0,0.0,8.0,8.5,8.65,A,3,1,2022
2000001008,100107463601,38,1,22,9.5,2,5.0,8.0,7.0,7.8,B,3,3,2022
2000004387,100107463601,38,1,22,7.0,18,30.0,6.0,7.5,6.95,C,3,3,2022
2000000998,100107463601,38,1,23,7.5,11,25.0,4.6015625,7.5,6.63,C,3,3,2022
2000002380,100107463601,38,1,22,8.0,9,20.0,7.0,7.0,7.2,B,3,3,2022
2000004220,100107463601,38,1,22,6.0,24,40.0,7.0,8.0,7.3,B,3,3,2022
2000006161,100107463601,38,1,22,8.5,9,15.0,9.0,9.0,8.9,A,3,3,2022
2000003074,100107463601,38,1,22,7.0,14,30.0,6.5,7.5,7.1,B,3,3,2022
2000004701,100107463601,38,1,22,8.0,12,20.0,7.5,7.0,7.35,B,3,3,2022
2000001001,100107463601,38,1,22,10.0,0,0.0,8.796875,8.0,8.64,A,3,3,2022
2000005824,100107463601,38,1,22,7.0,18,30.0,5.0,7.5,6.65,C,3,3,2022
2000003434,100107463601,38,1,22,10.0,0,0.0,7.0,8.0,8.1,B,3,3,2022
2000000558,100107463601,38,1,22,9.5,2,5.0,7.0,7.0,7.5,B,3,3,2022
2000001452,100107463601,38,1,22,8.0,12,20.0,8.5,7.0,7.65,B,3,3,2022
2200004486,100107463601,38,1,20,8.5,7,15.0,5.0,8.0,7.2,B,3,3,2022
2000002441,100107463601,38,1,22,9.0,4,10.0,7.0,7.0,7.4,B,3,3,2022
2000003649,100107463601,38,1,22,8.5,9,15.0,6.0,8.0,7.5,B,3,3,2022
2000004457,100107463601,38,1,22,8.0,9,20.0,8.5,7.0,7.65,B,3,3,2022
2000003076,100107463601,38,1,22,9.5,2,5.0,4.3984375,8.0,7.22,B,3,3,2022
2000003418,100107463601,38,1,22,10.0,0,0.0,8.5,9.5,9.3,A,3,3,2022
2000003979,100107463601,38,1,22,7.5,15,25.0,6.0,7.0,6.8,C,3,3,2022
2000002449,100107463601,38,1,23,10.0,0,0.0,8.5,9.5,9.3,A,3,3,2022
2000004154,100107463601,38,0,22,7.0,14,30.0,7.0,7.0,7.0,B,3,3,2022
2000004070,100107463601,38,1,22,9.5,2,5.0,4.3984375,8.0,7.22,B,3,3,2022
2000002672,100107463601,38,1,22,9.5,3,5.0,6.0,8.0,7.7,B,3,3,2022
2000003678,100107463601,38,1,22,7.5,15,25.0,8.5,8.0,8.05,B,3,3,2022
2000002725,100107463601,38,1,22,8.0,9,20.0,5.0,7.5,6.85,C,3,3,2022
1900006098,100107463601,38,1,23,6.5,16,35.0,6.0,7.0,6.6,C,3,3,2022
1911549395,100107463601,38,1,24,6.5,16,35.0,6.0,7.0,6.6,C,3,3,2022
2000004968,100107463602,38,1,22,7.5,11,25.0,5.0,8.5,7.25,B,3,3,2022
2000004900,100107463602,38,1,23,8.0,12,20.0,4.3984375,9.0,7.42,B,3,3,2022
2000005153,100107463602,38,1,22,9.0,4,10.0,8.0,8.5,8.45,B,3,3,2022
2011549832,100107463602,38,1,25,7.0,14,30.0,6.0,7.5,6.95,C,3,3,2022
2000006638,100107463602,38,1,22,7.0,18,30.0,8.0,9.0,8.3,B,3,3,2022
2000002665,100107463602,38,1,22,10.0,0,0.0,9.0,8.0,8.7,A,3,3,2022
2000002514,100107463602,38,0,22,7.5,15,25.0,4.5,7.5,6.6,C,3,3,2022
2000004110,100107463602,38,1,24,9.5,3,5.0,8.5,7.5,8.2,B,3,3,2022
2000005479,100107463602,38,1,22,8.0,9,20.0,9.0,7.5,8.05,B,3,3,2022
2000006633,100107463602,38,1,22,8.0,12,20.0,8.5,7.5,7.9,B,3,3,2022
2000004278,100107463602,38,1,22,7.5,15,25.0,8.5,7.5,7.8,B,3,3,2022
2000002677,100107463602,38,0,26,7.5,15,25.0,4.6015625,8.0,6.88,C,3,3,2022
2100008342,100107463602,38,1,21,6.5,21,35.0,4.3984375,7.0,6.12,C,3,3,2022
2000002779,100107463602,38,0,22,7.5,11,25.0,6.0,7.5,7.05,B,3,3,2022
2000004365,100107463602,38,1,22,10.0,0,0.0,9.0,8.0,8.7,A,3,3,2022
2000003640,100107463602,38,1,22,10.0,0,0.0,8.5,7.5,8.3,B,3,3,2022
2000006345,100107463602,38,1,22,7.5,15,25.0,7.0,7.5,7.35,B,3,3,2022
2000001530,100107463602,38,1,22,8.0,9,20.0,4.3984375,8.0,6.92,C,3,3,2022
2000002924,100107463602,38,1,22,7.5,15,25.0,6.5,7.5,7.2,B,3,3,2022
2000003730,100107463602,38,1,22,10.0,0,0.0,9.5,7.5,8.6,A,3,3,2022
2000003645,100107463602,38,1,22,9.0,6,10.0,8.5,7.0,7.85,B,3,3,2022
2000002097,100107463602,38,1,22,7.5,11,25.0,6.0,7.5,7.05,B,3,3,2022
1900007784,100107463602,38,1,23,6.5,21,35.0,5.5,7.0,6.45,C,3,3,2022
2011551765,100107463602,38,1,24,9.5,3,5.0,8.5,8.5,8.7,A,3,3,2022
2000004394,100107463602,38,1,24,6.5,21,35.0,8.0,7.0,7.2,B,3,3,2022
2000003308,100107463602,38,1,22,9.0,4,10.0,9.0,7.5,8.25,B,3,3,2022
2000000050,100107463602,38,1,24,7.5,15,25.0,5.0,8.5,7.25,B,3,3,2022
2000002664,100107463602,38,1,22,10.0,0,0.0,9.0,8.0,8.7,A,3,3,2022
2000003177,100107463602,38,1,23,7.5,11,25.0,7.0,7.5,7.35,B,3,3,2022
2000000740,100107463602,38,1,22,10.0,0,0.0,9.0,8.5,8.95,A,3,3,2022
2100006285,100107464802,15,1,21,10.0,0,0.0,8.0,8.0,8.4,B,3,1,2023
2100004729,100107464802,15,1,21,10.0,0,0.0,9.0,8.0,8.7,A,3,1,2023
2100005423,100107464802,15,1,21,10.0,0,0.0,10.0,10.0,10.0,A,3,1,2023
2100010440,100107464802,15,1,21,10.0,0,0.0,9.0,10.0,9.7,A,3,1,2023
2100004337,100107464802,15,1,21,10.0,0,0.0,10.0,10.0,10.0,A,3,1,2023
2100005686,100107464802,15,1,21,10.0,0,0.0,10.0,10.0,10.0,A,3,1,2023
2100004426,100107464802,15,1,21,10.0,0,0.0,10.0,8.0,9.0,A,3,1,2023
2100003979,100107464802,15,1,21,10.0,0,0.0,9.0,8.0,8.7,A,3,1,2023
2100003284,100107464802,15,1,21,10.0,0,0.0,9.0,8.0,8.7,A,3,1,2023
2100003978,100107464802,15,1,21,10.0,0,0.0,9.0,8.0,8.7,A,3,1,2023
2100002892,100107464802,15,1,21,10.0,0,0.0,10.0,9.0,9.5,A,3,1,2023
2100004451,100107464802,15,1,22,10.0,0,0.0,7.0,10.0,9.1,A,3,1,2023
2100004816,100107464802,15,1,21,10.0,0,0.0,8.0,8.0,8.4,B,3,1,2023
2100009415,100107464802,15,1,21,9.0,6,10.0,10.0,9.0,9.3,A,3,1,2023
2100002375,100107464802,15,1,21,9.0,6,10.0,9.0,9.0,9.0,A,3,1,2023
2100004419,100107464802,15,1,21,10.0,0,0.0,10.0,8.0,9.0,A,3,1,2023
2100005011,100107464802,15,1,21,10.0,0,0.0,10.0,8.0,9.0,A,3,1,2023
1911548779,100107464802,15,1,23,10.0,0,0.0,8.0,9.0,8.9,A,3,1,2023
2100007588,100107464802,15,1,21,0.0,60,100.0,5.0,0.0,1.5,F,3,1,2023
2100003936,100107464802,15,1,21,10.0,0,0.0,10.0,8.0,9.0,A,3,1,2023
2100005013,100107464802,15,1,21,10.0,0,0.0,10.0,8.0,9.0,A,3,1,2023
2100005929,100107464802,15,1,21,10.0,0,0.0,10.0,8.0,9.0,A,3,1,2023
2100004330,100107464802,15,1,22,10.0,0,0.0,8.0,9.0,8.9,A,3,1,2023
2100003991,100107464802,15,1,21,6.0,18,40.0,6.0,6.0,6.0,C,3,1,2023
2100009011,100107464802,15,1,23,10.0,0,0.0,10.0,9.0,9.5,A,3,1,2023
2100011976,100107464802,15,1,21,6.0,18,40.0,10.0,6.0,7.2,B,3,1,2023
2100003025,100107464802,15,1,21,10.0,0,0.0,9.0,9.0,9.2,A,3,1,2023
2100007107,100107464802,15,1,21,10.0,0,0.0,7.0,9.0,8.6,A,3,1,2023
2100002440,100107464802,15,1,22,10.0,0,0.0,10.0,8.0,9.0,A,3,1,2023
1900009380,100107464802,15,1,23,10.0,0,0.0,9.0,9.0,9.2,A,3,1,2023
2100005113,100107464802,15,1,22,0.0,60,100.0,3.0,0.0,0.9,F,3,1,2023
2100003547,100107464802,15,1,21,10.0,0,0.0,10.0,8.0,9.0,A,3,1,2023
2100005569,100107465001,4,1,21,7.0,18,30.0,9.703125,9.0,8.81,A,3,3,2021
2100002975,100107465001,4,1,21,0.0,60,100.0,0.0,0.0,0.0,F,3,3,2021
2100008134,100107465001,4,0,21,10.0,0,0.0,8.3984375,8.0,8.52,A,3,3,2021
2000000998,100107465001,4,1,23,0.0,60,100.0,0.0,0.0,0.0,F,3,3,2021
2100006037,100107465001,4,1,22,7.0,14,30.0,7.69921875,7.5,7.46,B,3,3,2021
2100012076,100107465001,4,1,23,7.0,18,30.0,8.703125,8.5,8.27,B,3,3,2021
2100004031,100107465001,4,0,21,10.0,0,0.0,8.3984375,7.5,8.27,B,3,3,2021
2100004235,100107465001,4,1,21,4.0,36,60.0,5.19921875,8.5,6.61,C,3,3,2021
2100011818,100107465001,4,1,21,10.0,0,0.0,8.1015625,8.0,8.43,B,3,3,2021
2100002892,100107465001,4,1,21,10.0,0,0.0,8.1015625,7.0,7.93,B,3,3,2021
2100009840,100107465001,4,1,21,10.0,0,0.0,9.703125,9.0,9.41,A,3,3,2021
2100010779,100107465001,4,1,21,10.0,0,0.0,9.3984375,8.0,8.82,A,3,3,2021
2100004816,100107465001,4,1,21,10.0,0,0.0,7.69921875,7.5,8.06,B,3,3,2021
2100009415,100107465001,4,1,21,10.0,0,0.0,8.3984375,7.0,8.02,B,3,3,2021
2100011310,100107465001,4,1,21,10.0,0,0.0,8.1015625,7.5,8.18,B,3,3,2021
2100004923,100107465001,4,1,21,7.0,18,30.0,8.1015625,8.5,8.08,B,3,3,2021
2100012041,100107465001,4,1,21,0.0,45,100.0,0.0,0.0,0.0,F,3,3,2021
2100005983,100107465001,4,0,21,10.0,0,0.0,4.80078125,7.5,7.19,B,3,3,2021
2100012340,100107465001,4,1,21,10.0,0,0.0,5.19921875,6.5,6.81,C,3,3,2021
2100008342,100107465001,4,1,21,10.0,0,0.0,5.5,7.0,7.15,B,3,3,2021
2100002374,100107465001,4,1,21,7.0,14,30.0,8.1015625,8.5,8.08,B,3,3,2021
2100009299,100107465001,4,0,21,10.0,0,0.0,8.3984375,7.0,8.02,B,3,3,2021
2100004998,100107465001,4,1,21,7.0,18,30.0,8.1015625,9.0,8.33,B,3,3,2021
2000004365,100107465001,4,1,22,10.0,0,0.0,7.69921875,7.5,8.06,B,3,3,2021
2100004330,100107465001,4,1,22,10.0,0,0.0,7.69921875,7.0,7.81,B,3,3,2021
2100010315,100107465001,4,1,21,10.0,0,0.0,8.3984375,7.5,8.27,B,3,3,2021
2100010263,100107465001,4,1,21,10.0,0,0.0,9.0,7.5,8.45,B,3,3,2021
2100010071,100107465001,4,1,21,4.0,36,60.0,7.69921875,0.0,3.11,F,3,3,2021
1800005224,100107465001,4,1,24,10.0,0,0.0,8.1015625,7.0,7.93,B,3,3,2021
2100008882,100107465001,4,1,21,10.0,0,0.0,7.69921875,7.0,7.81,B,3,3,2021
2100005113,100107465001,4,1,22,10.0,0,0.0,7.69921875,7.0,7.81,B,3,3,2021
2100006019,100107465001,4,1,21,10.0,0,0.0,8.1015625,6.5,7.68,B,3,3,2021
2000002408,100107465001,4,1,22,0.0,45,100.0,0.0,0.0,0.0,F,3,3,2021
2100011037,100107465001,4,1,22,10.0,0,0.0,8.1015625,7.5,8.18,B,3,3,2021
1711542439,100107465001,4,1,25,10.0,0,0.0,7.69921875,7.0,7.81,B,3,3,2021
2100006642,100107465001,4,1,21,10.0,0,0.0,8.3984375,7.0,8.02,B,3,3,2021
2100004092,100107465001,4,1,21,10.0,0,0.0,8.1015625,7.0,7.93,B,3,3,2021
2200006550,100107470503,3,1,20,9.0,4,10.0,5.0,8.5,7.55,B,3,2,2022
2200006695,100107470503,3,1,20,6.0,24,40.0,10.0,8.5,8.45,B,3,2,2022
2200000873,100107470503,3,1,20,3.0,31,70.0,6.0,0.0,2.4,F,3,2,2022
2200004236,100107470503,3,1,20,9.0,4,10.0,10.0,10.0,9.8,A,3,2,2022
2200006625,100107470503,3,1,20,7.0,18,30.0,8.0,8.0,7.8,B,3,2,2022
2200005231,100107470503,3,1,20,10.0,0,0.0,10.0,10.0,10.0,A,3,2,2022
2200000319,100107470503,3,1,20,7.0,18,30.0,9.0,6.0,7.1,B,3,2,2022
2200011621,100107470503,3,1,20,6.0,24,40.0,5.0,0.0,2.7,F,3,2,2022
2200004209,100107470503,3,1,20,10.0,0,0.0,10.0,6.5,8.25,B,3,2,2022
2200004825,100107470503,3,1,20,10.0,0,0.0,6.0,8.5,8.05,B,3,2,2022
2200005098,100107470503,3,1,22,10.0,0,0.0,10.0,5.0,7.5,B,3,2,2022
2200005193,100107470503,3,1,20,10.0,0,0.0,10.0,6.5,8.25,B,3,2,2022
1911548779,100107470503,3,1,23,9.0,6,10.0,10.0,9.0,9.3,A,3,2,2022
2200000946,100107470503,3,0,20,10.0,0,0.0,10.0,8.0,9.0,A,3,2,2022
2200006620,100107470503,3,0,20,10.0,0,0.0,9.0,7.0,8.2,B,3,2,2022
2200001483,100107470503,3,1,20,10.0,0,0.0,9.0,8.0,8.7,A,3,2,2022
2200006122,100107470503,3,1,20,10.0,0,0.0,10.0,10.0,10.0,A,3,2,2022
2200004766,100107470503,3,0,20,9.0,6,10.0,10.0,7.0,8.3,B,3,2,2022
2200006159,100107470503,3,0,20,10.0,0,0.0,10.0,10.0,10.0,A,3,2,2022
2100007916,100107470503,3,1,21,5.0,22,50.0,5.0,0.0,2.5,F,3,2,2022
2200005605,100107470503,3,1,20,9.0,4,10.0,8.0,8.5,8.45,B,3,2,2022
2200006071,100107470503,3,1,20,10.0,0,0.0,0.0,2.0,3.0,F,3,2,2022
2200006605,100107470503,3,1,20,8.0,12,20.0,10.0,8.0,8.6,A,3,2,2022
2200006985,100107470503,3,1,20,10.0,0,0.0,10.0,8.5,9.25,A,3,2,2022
2200004831,100107470503,3,1,20,10.0,0,0.0,10.0,7.0,8.5,A,3,2,2022
2200006467,100107470503,3,1,20,10.0,0,0.0,9.0,9.0,9.2,A,3,2,2022
2200012160,100107470503,3,1,22,10.0,0,0.0,10.0,9.0,9.5,A,3,2,2022
2200006185,100107470503,3,1,20,9.0,4,10.0,5.0,8.0,7.3,B,3,2,2022
2200005254,100107470503,3,1,20,10.0,0,0.0,5.0,8.0,7.5,B,3,2,2022
2200006654,100107470503,3,1,20,4.0,27,60.0,5.0,0.0,2.3,F,3,2,2022
2200005824,100107470503,3,0,20,10.0,0,0.0,10.0,9.5,9.75,A,3,2,2022
2200006124,100107470503,3,1,20,10.0,0,0.0,10.0,10.0,10.0,A,3,2,2022
2200005842,100107470503,3,1,20,10.0,0,0.0,10.0,8.5,9.25,A,3,2,2022
2200005914,100107470503,3,1,20,10.0,0,0.0,10.0,10.0,10.0,A,3,2,2022
2200004926,100107470503,3,1,20,3.0,42,70.0,0.0,0.0,0.6,F,3,2,2022
2200004202,100107470504,3,1,20,10.0,0,0.0,10.0,7.5,8.75,A,3,2,2022
2200008171,100107470504,3,1,20,10.0,0,0.0,8.0,7.5,8.15,B,3,2,2022
2200001108,100107470504,3,1,20,10.0,0,0.0,10.0,7.5,8.75,A,3,2,2022
2200000400,100107470504,3,1,20,8.0,9,20.0,6.0,8.0,7.4,B,3,2,2022
2200009428,100107470504,3,1,20,10.0,0,0.0,10.0,7.5,8.75,A,3,2,2022
2200007989,100107470504,3,1,20,10.0,0,0.0,10.0,8.0,9.0,A,3,2,2022
2200008348,100107470504,3,1,20,7.0,18,30.0,9.0,0.0,4.1,D,3,2,2022
2200006781,100107470504,3,1,20,10.0,0,0.0,10.0,8.0,9.0,A,3,2,2022
2200003109,100107470504,3,1,20,9.0,6,10.0,10.0,8.0,8.8,A,3,2,2022
2200009232,100107470504,3,1,20,10.0,0,0.0,10.0,8.5,9.25,A,3,2,2022
2200000327,100107470504,3,1,20,10.0,0,0.0,10.0,10.0,10.0,A,3,2,2022
2200008427,100107470504,3,1,20,10.0,0,0.0,10.0,8.0,9.0,A,3,2,2022
2200002495,100107470504,3,1,20,10.0,0,0.0,10.0,10.0,10.0,A,3,2,2022
2200010420,100107470504,3,1,20,10.0,0,0.0,10.0,8.0,9.0,A,3,2,2022
2200002333,100107470504,3,1,20,10.0,0,0.0,10.0,9.5,9.75,A,3,2,2022
2200008115,100107470504,3,1,20,7.0,18,30.0,5.0,8.0,6.9,C,3,2,2022
2200007079,100107470504,3,0,20,9.0,6,10.0,6.0,9.0,8.1,B,3,2,2022
2200006741,100107470504,3,1,20,8.0,12,20.0,5.0,8.0,7.1,B,3,2,2022
2200007832,100107470504,3,1,22,2.0,36,80.0,0.0,0.0,0.4,F,3,2,2022
2200008906,100107470504,3,0,20,10.0,0,0.0,10.0,7.5,8.75,A,3,2,2022
2200007239,100107470504,3,1,20,10.0,0,0.0,9.0,8.0,8.7,A,3,2,2022
2200003885,100107470504,3,1,21,10.0,0,0.0,10.0,7.0,8.5,A,3,2,2022
2200007007,100107470504,3,1,21,10.0,0,0.0,10.0,8.0,9.0,A,3,2,2022
2200003921,100107470504,3,1,21,7.0,18,30.0,6.0,8.0,7.2,B,3,2,2022
2200007066,100107470504,3,1,20,10.0,0,0.0,10.0,8.0,9.0,A,3,2,2022
2200011643,100107470504,3,1,23,10.0,0,0.0,10.0,6.0,8.0,B,3,2,2022
2200007072,100107470504,3,1,20,9.0,6,10.0,10.0,8.0,8.8,A,3,2,2022
2200007143,100107470504,3,1,20,10.0,0,0.0,10.0,8.0,9.0,A,3,2,2022
2200008716,100107470504,3,1,20,10.0,0,0.0,10.0,8.0,9.0,A,3,2,2022
2200009837,100107470504,3,1,20,9.0,6,10.0,9.0,6.0,7.5,B,3,2,2022
2200010487,100107470504,3,0,20,9.0,6,10.0,10.0,10.0,9.8,A,3,2,2022
2200000368,100107470504,3,1,20,9.0,4,10.0,6.0,8.0,7.6,B,3,2,2022
2200006748,100107470504,3,1,20,9.0,4,10.0,10.0,8.0,8.8,A,3,2,2022
2200008798,100107470504,3,1,21,10.0,0,0.0,10.0,9.5,9.75,A,3,2,2022
2200007240,100107470504,3,1,20,10.0,0,0.0,9.0,6.0,7.7,B,3,2,2022
2200008152,100107470504,3,1,20,8.0,12,20.0,10.0,8.0,8.6,A,3,2,2022
2200007402,100107470504,3,1,20,9.0,4,10.0,9.0,8.0,8.5,A,3,2,2022
2200007710,100107470504,3,1,20,10.0,0,0.0,10.0,8.0,9.0,A,3,2,2022
2200009261,100107470504,3,0,22,10.0,0,0.0,10.0,8.5,9.25,A,3,2,2022
2200008438,100107470504,3,1,20,10.0,0,0.0,10.0,8.0,9.0,A,3,2,2022
2200011376,100107470505,3,1,20,10.0,0,0.0,10.0,6.0,8.0,B,3,2,2022
2200009448,100107470505,3,0,20,8.0,9,20.0,10.0,8.0,8.6,A,3,2,2022
2200010565,100107470505,3,1,25,9.0,6,10.0,10.0,6.0,7.8,B,3,2,2022
2200009102,100107470505,3,1,20,9.0,4,10.0,10.0,9.5,9.55,A,3,2,2022
2200009907,100107470505,3,1,20,9.0,4,10.0,10.0,9.5,9.55,A,3,2,2022
2200001765,100107470505,3,0,21,10.0,0,0.0,10.0,6.0,8.0,B,3,2,2022
2200004863,100107470505,3,1,21,3.0,42,70.0,0.0,0.0,0.6,F,3,2,2022
2200003659,100107470505,3,1,20,10.0,0,0.0,10.0,6.0,8.0,B,3,2,2022
2200010444,100107470505,3,1,20,10.0,0,0.0,10.0,8.5,9.25,A,3,2,2022
2200011039,100107470505,3,1,20,10.0,0,0.0,9.0,6.5,7.95,B,3,2,2022
2200007177,100107470505,3,1,20,9.0,6,10.0,9.0,9.0,9.0,A,3,2,2022
2200009882,100107470505,3,1,20,10.0,0,0.0,10.0,10.0,10.0,A,3,2,2022
2200011704,100107470505,3,1,20,9.0,4,10.0,5.0,8.0,7.3,B,3,2,2022
2200008421,100107470505,3,1,20,6.0,24,40.0,9.0,9.0,8.4,B,3,2,2022
2200002208,100107470505,3,1,20,9.0,4,10.0,10.0,9.0,9.3,A,3,2,2022
2200000578,100107470505,3,1,21,10.0,0,0.0,10.0,6.0,8.0,B,3,2,2022
2200003906,100107470505,3,1,20,10.0,0,0.0,9.0,6.0,7.7,B,3,2,2022
2200009620,100107470505,3,1,21,10.0,0,0.0,5.0,8.0,7.5,B,3,2,2022
2200008609,100107470505,3,1,20,10.0,0,0.0,10.0,10.0,10.0,A,3,2,2022
2200008337,100107470505,3,1,20,10.0,0,0.0,10.0,8.0,9.0,A,3,2,2022
2200009825,100107470505,3,1,20,10.0,0,0.0,10.0,8.0,9.0,A,3,2,2022
2200002381,100107470505,3,1,20,10.0,0,0.0,10.0,8.0,9.0,A,3,2,2022
2200011240,100107470505,3,1,20,10.0,0,0.0,10.0,9.5,9.75,A,3,2,2022
2200010269,100107470505,3,1,20,4.0,36,60.0,8.0,8.0,7.2,B,3,2,2022
2200007265,100107470505,3,1,20,10.0,0,0.0,10.0,8.0,9.0,A,3,2,2022
2200011077,100107470505,3,1,20,9.0,4,10.0,5.0,0.0,3.3,F,3,2,2022
2200011573,100107470505,3,1,20,10.0,0,0.0,8.0,8.0,8.4,B,3,2,2022
2200009571,100107470505,3,1,21,5.0,22,50.0,6.0,0.0,2.8,F,3,2,2022
2200009501,100107470505,3,1,20,10.0,0,0.0,10.0,8.0,9.0,A,3,2,2022
2200010286,100107470505,3,1,20,10.0,0,0.0,10.0,8.5,9.25,A,3,2,2022
2100008882,100107470505,3,1,21,8.0,12,20.0,9.0,10.0,9.3,A,3,2,2022
2200002076,100107470505,3,1,20,10.0,0,0.0,10.0,8.0,9.0,A,3,2,2022
2200010216,100107470505,3,1,20,3.0,42,70.0,5.0,0.0,2.1,F,3,2,2022
2200009170,100107470505,3,1,21,9.0,4,10.0,9.0,8.0,8.5,A,3,2,2022
2200010939,100107470505,3,1,20,10.0,0,0.0,8.0,9.0,8.9,A,3,2,2022
2200000333,100107470505,3,0,21,9.0,6,10.0,10.0,8.0,8.8,A,3,2,2022
2200007875,100107470505,3,1,20,10.0,0,0.0,5.0,9.0,8.0,B,3,2,2022
