outcome_id,course_id,midterm_grade,regular grade,exam_permission,final_grade,note,overall_grade,four_point scale
271,100107462101,8.6,9.6,1,7.8,,8.4,B
272,100107462101,2.9,9.6,1,4.9,,5.24,C
273,100107462101,1.1,9.5,1,4.1,,4.279999999999999,D
274,100107462101,6.5,9.3,1,5.5,,6.5600000000000005,C
275,100107462101,6.1,9.5,1,8.9,,8.18,B
276,100107462101,6.3,10.0,1,7.6,,7.6899999999999995,B
277,100107462101,5.9,10.0,1,7.3,,7.42,B
278,100107462101,3.6,9.8,1,9.4,,7.74,B
279,100107462101,3.9,9.8,1,9.6,,7.93,B
280,100107462101,1.5,9.6,1,6.1,,5.42,C
281,100107462101,8.5,10.0,1,8.7,,8.899999999999999,A
282,100107462101,9.9,9.8,1,4.0,,6.930000000000001,C
283,100107462101,2.7,9.0,1,9.7,,7.46,B
284,100107462101,4.8,10.0,1,7.6,,7.24,B
285,100107462101,1.1,10.0,1,6.7,,5.68,C
286,100107462101,9.7,9.6,1,9.6,,9.629999999999999,A
287,100107462101,2.1,9.3,1,7.1,,6.04,C
288,100107462101,9.5,9.6,1,8.1,,8.82,A
289,100107462101,0.5,9.3,1,6.6,,5.3100000000000005,C
290,100107462101,2.8,9.6,1,4.2,,4.859999999999999,D
291,100107462101,5.2,10.0,1,7.4,,7.26,B
292,100107462101,5.2,9.6,1,4.3,,5.63,C
293,100107462101,3.7,10.0,1,7.7,,6.960000000000001,C
294,100107462101,6.5,9.8,1,7.5,,7.66,B
295,100107462101,6.2,9.8,1,7.0,,7.32,B
296,100107462101,9.8,9.6,1,5.7,,7.709999999999999,B
297,100107462101,1.6,9.8,1,9.6,,7.24,B
298,100107462101,4.9,9.3,1,8.6,,7.63,B
299,100107462101,9.9,9.8,1,7.0,,8.43,B
300,100107462102,3.2,9.6,1,9.8,,7.78,B
301,100107462102,2.2,9.8,1,4.3,,4.77,D
302,100107462102,3.3,10.0,1,4.9,,5.4399999999999995,C
303,100107462102,7.4,9.8,1,5.1,,6.73,C
304,100107462102,2.4,10.0,1,4.0,,4.72,D
305,100107462102,2.3,10.0,1,8.2,,6.789999999999999,C
306,100107462102,4.1,9.8,1,8.0,,7.1899999999999995,B
307,100107462102,4.8,10.0,1,8.9,,7.890000000000001,B
308,100107462102,8.4,10.0,1,7.2,,8.12,B
309,100107462102,9.7,9.8,1,9.1,,9.42,A
310,100107462102,9.3,9.5,1,8.2,,8.79,A
311,100107462102,7.4,10.0,1,4.7,,6.57,C
312,100107462102,6.3,9.6,1,7.7,,7.66,B
313,100107462102,9.8,10.0,1,5.4,,7.64,B
314,100107462102,1.0,9.6,1,7.1,,5.77,C
315,100107462102,1.8,9.6,1,7.2,,6.0600000000000005,C
316,100107462102,4.3,9.8,1,5.8,,6.15,C
317,100107462102,1.4,9.8,1,8.2,,6.48,C
318,100107462102,8.7,10.0,1,7.1,,8.16,B
319,100107462102,5.0,10.0,1,7.3,,7.15,B
320,100107462102,7.4,9.6,1,9.9,,9.09,A
321,100107462102,1.0,9.8,1,5.6,,5.0600000000000005,C
322,100107462102,7.6,10.0,1,7.1,,7.829999999999999,B
323,100107462102,1.1,9.8,1,4.6,,4.59,D
324,100107462102,3.4,9.3,1,4.8,,5.28,C
325,100107462102,7.3,9.5,1,7.8,,7.99,B
326,100107462102,3.3,10.0,1,6.1,,6.039999999999999,C
327,100107462102,4.1,9.8,1,9.8,,8.09,B
328,100107462901,3.9,10.0,1,4.9,,5.62,C
329,100107462901,1.6,10.0,1,4.9,,4.93,D
330,100107462901,4.8,10.0,1,5.9,,6.390000000000001,C
331,100107462901,6.0,10.0,1,4.3,,5.949999999999999,C
332,100107462901,6.6,10.0,1,6.3,,7.129999999999999,B
333,100107462901,6.4,10.0,1,9.4,,8.620000000000001,A
334,100107462901,4.1,10.0,1,9.0,,7.7299999999999995,B
335,100107462901,8.2,10.0,1,4.1,,6.509999999999999,C
336,100107462901,7.3,10.0,1,5.0,,6.6899999999999995,C
337,100107462901,7.2,10.0,1,8.9,,8.61,A
338,100107462901,4.5,10.0,1,7.3,,7.0,B
339,100107462901,3.5,10.0,1,7.8,,6.949999999999999,C
340,100107462901,5.6,10.0,1,8.6,,7.9799999999999995,B
341,100107462901,9.1,10.0,1,7.9,,8.68,A
342,100107462901,2.3,10.0,1,8.4,,6.890000000000001,C
343,100107462901,9.9,10.0,1,7.1,,8.52,A
344,100107462901,8.9,10.0,1,5.5,,7.42,B
345,100107462901,8.8,10.0,1,6.5,,7.890000000000001,B
346,100107462901,0.1,10.0,1,5.9,,4.98,D
347,100107462901,7.6,10.0,1,8.2,,8.379999999999999,B
348,100107462901,5.1,10.0,1,4.8,,5.93,C
349,100107462901,7.4,10.0,1,5.5,,6.970000000000001,C
350,100107462901,8.9,10.0,1,9.6,,9.469999999999999,A
351,100107462901,9.7,10.0,1,6.9,,8.36,B
352,100107462901,0.8,10.0,1,7.3,,5.890000000000001,C
353,100107462901,8.6,10.0,1,4.4,,6.78,C
354,100107462901,3.9,10.0,1,9.1,,7.72,B
355,100107462901,10.0,10.0,1,7.0,,8.5,A
356,100107462901,0.8,10.0,1,8.6,,6.54,C
357,100107462901,9.4,10.0,1,10.0,,9.82,A
358,100107462901,6.8,10.0,1,7.7,,7.890000000000001,B
359,100107462901,6.8,10.0,1,7.7,,7.890000000000001,B
360,100107463001,5.1,10.0,1,6.9,,6.98,C
361,100107463001,8.3,9.7,1,8.0,,8.43,B
362,100107463001,7.1,10.0,1,8.5,,8.379999999999999,B
363,100107463001,2.3,10.0,1,6.5,,5.9399999999999995,C
364,100107463001,4.0,9.7,1,6.9,,6.59,C
365,100107463001,7.6,10.0,1,6.2,,7.379999999999999,B
366,100107463001,7.6,10.0,1,9.6,,9.079999999999998,A
367,100107463001,4.5,9.7,1,7.3,,6.9399999999999995,C
368,100107463001,6.6,9.7,1,9.2,,8.52,A
369,100107463001,1.5,10.0,1,4.7,,4.800000000000001,D
370,100107463001,6.8,10.0,1,6.6,,7.34,B
371,100107463001,6.4,9.7,1,7.6,,7.66,B
372,100107463001,8.9,10.0,1,6.2,,7.77,B
373,100107463001,9.3,9.7,1,6.6,,8.030000000000001,B
374,100107463001,4.1,10.0,1,4.5,,5.4799999999999995,C
375,100107463001,2.4,10.0,1,6.9,,6.17,C
376,100107463001,5.0,10.0,1,4.7,,5.85,C
377,100107463001,9.0,10.0,1,9.9,,9.649999999999999,A
378,100107463001,8.6,9.5,1,6.5,,7.7299999999999995,B
379,100107463001,6.3,9.7,1,6.4,,7.03,B
380,100107463001,6.1,9.1,1,5.3,,6.3,C
381,100107463001,3.1,9.7,1,5.1,,5.42,C
382,100107463001,0.8,9.5,1,5.8,,5.04,C
383,100107463001,3.3,9.7,1,4.1,,4.9799999999999995,D
384,100107463001,8.4,9.7,1,8.7,,8.809999999999999,A
385,100107463001,4.7,10.0,1,7.6,,7.21,B
386,100107463001,6.8,10.0,1,10.0,,9.04,A
387,100107463001,9.5,10.0,1,4.2,,6.949999999999999,C
388,100107463001,5.7,9.7,1,8.3,,7.800000000000001,B
389,100107463001,4.4,9.7,1,4.7,,5.609999999999999,C
390,100107463001,1.1,10.0,1,9.0,,6.83,C
391,100107463002,9.9,9.7,1,5.3,,7.5600000000000005,B
392,100107463002,8.2,9.7,1,9.9,,9.35,A
393,100107463002,4.3,9.7,1,5.5,,5.9799999999999995,C
394,100107463002,3.5,9.7,1,8.9,,7.44,B
395,100107463002,0.3,10.0,1,7.7,,5.9399999999999995,C
396,100107463002,3.8,9.7,1,4.1,,5.13,C
397,100107463002,9.0,8.8,1,8.2,,8.559999999999999,A
398,100107463002,0.0,8.8,1,4.6,,4.0600000000000005,D
399,100107463002,2.7,9.5,1,5.0,,5.21,C
400,100107463002,4.9,10.0,1,6.0,,6.47,C
401,100107463002,8.8,9.7,1,6.7,,7.93,B
402,100107463002,3.0,9.7,1,8.0,,6.84,C
403,100107463002,4.5,10.0,1,5.0,,5.85,C
404,100107463002,2.4,9.5,1,9.7,,7.47,B
405,100107463002,2.3,9.5,1,4.2,,4.6899999999999995,D
406,100107463002,8.8,9.3,1,4.1,,6.55,C
407,100107464801,5.2,10.0,1,4.4,,5.76,C
408,100107464801,5.7,10.0,1,5.1,,6.26,C
409,100107464801,8.1,10.0,1,7.7,,8.28,B
410,100107464801,8.4,10.0,1,7.7,,8.37,B
411,100107464801,5.0,10.0,1,9.2,,8.1,B
412,100107464801,8.0,9.6,1,9.2,,8.92,A
413,100107464801,4.7,9.8,1,4.7,,5.720000000000001,C
414,100107464801,7.4,10.0,1,9.5,,8.97,A
415,100107464801,6.7,10.0,1,8.2,,8.11,B
416,100107464801,0.5,10.0,1,8.1,,6.199999999999999,C
417,100107464801,7.9,9.8,1,5.0,,6.83,C
418,100107464801,2.6,10.0,1,7.7,,6.630000000000001,C
419,100107464801,1.9,9.8,1,5.1,,5.08,C
420,100107464801,2.3,10.0,1,7.7,,6.54,C
421,100107464801,3.5,9.6,1,9.1,,7.52,B
422,100107464801,8.5,10.0,1,8.8,,8.95,A
423,100107464801,5.7,10.0,1,6.1,,6.76,C
424,100107464801,8.6,10.0,1,7.0,,8.08,B
425,100107464801,3.4,9.3,1,4.4,,5.08,C
426,100107464801,9.7,10.0,1,6.4,,8.11,B
427,100107464801,3.5,10.0,1,5.1,,5.6,C
428,100107464801,2.0,10.0,1,8.6,,6.9,C
429,100107464801,9.3,9.8,1,7.3,,8.4,B
430,100107464801,2.5,9.8,1,9.1,,7.26,B
431,100107464801,3.3,10.0,1,6.8,,6.39,C
432,100107464801,4.5,10.0,1,5.4,,6.05,C
433,100107464801,0.0,10.0,1,4.3,,4.15,D
434,100107464801,9.7,10.0,1,5.6,,7.71,B
435,100107464801,10.0,10.0,1,8.5,,9.25,A
436,100107464801,1.7,9.8,1,9.4,,7.17,B
437,100107464801,7.2,10.0,1,8.2,,8.26,B
438,100107464801,7.9,10.0,1,8.2,,8.469999999999999,B
439,100107464801,8.3,9.1,1,7.0,,7.8100000000000005,B
440,100107464801,9.1,10.0,1,8.1,,8.780000000000001,A
441,100107464802,0.2,10.0,1,5.7,,4.91,D
442,100107464802,7.3,9.5,1,9.6,,8.89,A
443,100107464802,5.3,10.0,1,9.9,,8.54,A
444,100107464802,7.6,9.5,1,9.8,,9.08,A
445,100107464802,6.9,10.0,1,7.0,,7.57,B
446,100107464802,7.2,10.0,1,8.2,,8.26,B
447,100107464802,9.1,9.6,1,6.3,,7.800000000000001,B
448,100107464802,3.7,9.6,1,5.9,,5.98,C
449,100107464802,1.2,9.8,1,4.1,,4.37,D
450,100107464802,4.2,10.0,1,7.5,,7.01,B
451,100107464802,3.3,10.0,1,7.7,,6.84,C
452,100107464802,2.3,10.0,1,5.2,,5.29,C
453,100107464802,9.3,9.8,1,7.2,,8.35,B
454,100107464802,8.3,10.0,1,4.1,,6.54,C
455,100107464802,4.7,9.8,1,6.1,,6.42,C
456,100107464802,8.9,9.6,1,6.3,,7.74,B
457,100107464802,6.5,10.0,1,6.6,,7.25,B
458,100107464802,8.4,10.0,1,8.6,,8.82,A
459,100107464802,4.7,10.0,1,4.1,,5.46,C
460,100107464802,6.2,10.0,1,9.9,,8.81,A
461,100107464802,4.7,10.0,1,6.8,,6.8100000000000005,C
462,100107464802,8.5,9.6,1,7.9,,8.42,B
463,100107464802,7.9,9.8,1,8.9,,8.780000000000001,A
464,100107464802,7.0,9.8,1,4.6,,6.36,C
465,100107464802,6.2,9.8,1,9.0,,8.32,B
466,100107464802,7.9,10.0,1,7.7,,8.22,B
467,100107464802,6.6,9.6,1,6.8,,7.299999999999999,B
468,100107464802,3.0,9.1,1,5.0,,5.22,C
469,100107464802,2.8,9.6,1,9.0,,7.26,B
470,100107464802,0.4,9.5,1,7.9,,5.970000000000001,C
471,100107464802,0.7,9.5,1,9.0,,6.61,C
472,100107464802,8.7,9.5,1,9.1,,9.059999999999999,A
473,100107464802,1.2,9.6,1,4.7,,4.63,D
474,100107464802,9.9,9.8,1,7.7,,8.780000000000001,A
475,100107464802,8.0,9.0,1,5.1,,6.75,C
476,100107464802,9.5,10.0,1,9.7,,9.7,A
477,100107464803,7.0,10.0,1,4.5,,6.35,C
478,100107464803,4.7,10.0,1,7.2,,7.01,B
479,100107464803,6.4,10.0,1,4.4,,6.12,C
480,100107464803,0.6,10.0,1,4.3,,4.33,D
481,100107464803,6.8,10.0,1,9.0,,8.54,A
482,100107464803,7.9,10.0,1,9.4,,9.07,A
483,100107464803,4.9,9.8,1,5.3,,6.08,C
484,100107464803,3.5,10.0,1,8.6,,7.35,B
485,100107464803,6.7,10.0,1,6.8,,7.41,B
486,100107464803,4.3,10.0,1,8.2,,7.39,B
487,100107464803,5.7,10.0,1,5.3,,6.359999999999999,C
488,100107464803,7.2,10.0,1,10.0,,9.16,A
489,100107464803,9.1,10.0,1,9.3,,9.38,A
490,100107464803,0.5,9.8,1,6.0,,5.11,C
491,100107464803,9.0,10.0,1,6.9,,8.149999999999999,B
492,100107464803,0.3,10.0,1,7.8,,5.99,C
493,100107464803,8.5,9.5,1,5.6,,7.25,B
494,100107464803,3.2,10.0,1,10.0,,7.96,B
495,100107464803,8.3,9.3,1,6.3,,7.5,B
496,100107464803,3.0,10.0,1,6.7,,6.25,C
497,100107464803,8.3,10.0,1,8.9,,8.940000000000001,A
498,100107464803,2.4,9.8,1,9.9,,7.630000000000001,B
499,100107464803,7.1,9.8,1,4.9,,6.54,C
500,100107464803,5.5,9.6,1,10.0,,8.57,A
501,100107464803,0.3,10.0,1,8.7,,6.4399999999999995,C
502,100107464803,3.7,9.0,1,4.4,,5.11,C
503,100107464803,3.6,10.0,1,8.1,,7.13,B
504,100107464803,5.6,10.0,1,10.0,,8.68,A
505,100107464803,3.2,9.8,1,6.6,,6.22,C
506,100107464803,2.9,10.0,1,4.2,,4.970000000000001,D
507,100107464803,6.5,10.0,1,7.7,,7.800000000000001,B
508,100107464803,5.1,9.8,1,9.7,,8.34,B
509,100107464803,4.8,10.0,1,7.8,,7.34,B
510,100107464803,6.9,9.8,1,9.5,,8.780000000000001,A
511,100107464803,7.8,9.5,1,5.6,,7.04,B
512,100107464901,6.1,9.6,1,8.3,,7.9,B
513,100107464901,6.6,10.0,1,8.8,,8.379999999999999,B
514,100107464901,7.3,9.3,1,7.7,,7.9,B
515,100107464901,4.1,10.0,1,7.4,,6.93,C
516,100107464901,2.5,9.5,1,7.9,,6.6000000000000005,C
517,100107464901,3.5,10.0,1,7.2,,6.65,C
518,100107464901,7.6,10.0,1,6.5,,7.529999999999999,B
519,100107464901,0.4,9.6,1,6.8,,5.4399999999999995,C
520,100107464901,9.7,9.6,1,5.6,,7.63,B
521,100107464901,0.1,10.0,1,9.7,,6.879999999999999,C
522,100107464901,9.0,10.0,1,7.5,,8.45,B
523,100107464901,2.9,10.0,1,5.0,,5.37,C
524,100107464901,8.6,9.8,1,9.2,,9.14,A
525,100107464901,7.7,10.0,1,8.2,,8.41,B
526,100107464901,9.7,9.8,1,5.5,,7.62,B
527,100107464901,9.1,9.3,1,5.6,,7.39,B
528,100107464901,10.0,9.6,1,6.9,,8.370000000000001,B
529,100107464901,6.1,10.0,1,8.8,,8.23,B
530,100107464901,1.9,9.3,1,6.6,,5.73,C
531,100107464901,6.8,10.0,1,7.3,,7.6899999999999995,B
532,100107464901,6.7,10.0,1,8.2,,8.11,B
533,100107464901,2.5,10.0,1,9.1,,7.3,B
534,100107464901,7.3,9.5,1,5.2,,6.6899999999999995,C
535,100107464901,0.4,9.8,1,8.2,,6.18,C
536,100107464901,1.0,10.0,1,4.9,,4.75,D
537,100107464901,9.6,10.0,1,8.9,,9.33,A
538,100107464901,6.4,9.8,1,4.6,,6.18,C
539,100107464901,8.9,10.0,1,7.2,,8.27,B
540,100107464901,4.8,9.6,1,4.3,,5.51,C
541,100107464901,9.1,10.0,1,4.1,,6.78,C
542,100107464901,2.4,10.0,1,5.2,,5.32,C
543,100107464901,9.3,10.0,1,5.3,,7.4399999999999995,B
544,100107464901,4.5,10.0,1,8.9,,7.8,B
545,100107464901,0.1,10.0,1,8.4,,6.23,C
546,100107464901,7.6,10.0,1,7.2,,7.879999999999999,B
547,100107464902,5.9,10.0,1,9.9,,8.72,A
548,100107464902,5.3,9.6,1,4.7,,5.859999999999999,C
549,100107464902,8.3,9.5,1,9.6,,9.190000000000001,A
550,100107464902,3.0,10.0,1,7.6,,6.699999999999999,C
551,100107464902,0.3,9.1,1,8.4,,6.11,C
552,100107464902,4.1,10.0,1,9.5,,7.9799999999999995,B
553,100107464902,1.7,10.0,1,7.8,,6.41,C
554,100107464902,4.2,10.0,1,4.9,,5.71,C
555,100107464902,4.8,10.0,1,9.4,,8.14,B
556,100107464902,0.5,10.0,1,4.8,,4.55,D
557,100107464902,8.1,10.0,1,8.4,,8.629999999999999,A
558,100107464902,9.4,9.5,1,8.1,,8.77,A
559,100107464902,0.1,9.1,1,6.5,,5.1,C
560,100107464902,0.7,9.5,1,5.5,,4.86,D
561,100107464902,0.7,9.8,1,5.7,,5.0200000000000005,C
562,100107464902,9.0,9.8,1,7.1,,8.21,B
563,100107464902,8.7,10.0,1,5.5,,7.359999999999999,B
564,100107464902,3.3,9.6,1,5.3,,5.56,C
565,100107464902,3.5,9.8,1,5.6,,5.8100000000000005,C
566,100107464902,3.3,9.0,1,5.1,,5.34,C
567,100107464902,5.7,10.0,1,5.1,,6.26,C
568,100107464902,3.6,9.8,1,6.2,,6.140000000000001,C
569,100107464902,0.3,10.0,1,5.2,,4.6899999999999995,D
570,100107464902,7.5,10.0,1,7.7,,8.1,B
571,100107464902,4.9,9.8,1,4.7,,5.78,C
572,100107464902,4.1,10.0,1,9.5,,7.9799999999999995,B
573,100107465003,7.5,10.0,1,4.2,,6.35,C
574,100107465003,9.7,9.7,1,8.2,,8.95,A
575,100107465003,1.1,9.3,1,9.6,,6.99,C
576,100107465003,7.4,8.0,1,9.8,,8.72,A
577,100107465003,5.4,9.5,1,5.6,,6.32,C
578,100107465003,6.6,8.2,1,9.1,,8.17,B
579,100107465003,8.9,9.3,1,6.5,,7.78,B
580,100107465003,4.6,8.6,1,6.7,,6.449999999999999,C
581,100107465003,3.6,9.1,1,5.5,,5.65,C
582,100107465003,4.0,9.1,1,5.1,,5.57,C
583,100107465003,0.7,9.7,1,8.5,,6.4,C
584,100107465003,5.8,10.0,1,8.5,,7.99,B
585,100107465003,6.8,10.0,1,8.2,,8.14,B
586,100107465003,8.4,9.7,1,4.3,,6.609999999999999,C
587,100107465003,4.4,10.0,1,5.3,,5.970000000000001,C
588,100107465003,3.7,10.0,1,5.9,,6.0600000000000005,C
589,100107465003,4.6,9.7,1,5.1,,5.869999999999999,C
590,100107465003,0.2,10.0,1,4.4,,4.26,D
591,100107465003,8.5,10.0,1,7.0,,8.05,B
592,100107465003,3.6,10.0,1,6.3,,6.23,C
593,100107465003,7.4,9.7,1,6.0,,7.16,B
594,100107465003,1.7,10.0,1,9.2,,7.109999999999999,B
595,100107465003,2.9,10.0,1,4.8,,5.27,C
596,100107465003,4.0,8.2,1,5.6,,5.64,C
597,100107465003,3.8,9.3,1,4.9,,5.45,C
598,100107465003,5.0,9.7,1,7.9,,7.390000000000001,B
599,100107465101,4.4,8.2,1,8.7,,7.31,B
600,100107465101,9.3,7.5,1,10.0,,9.29,A
601,100107465101,3.1,10.0,1,5.3,,5.58,C
602,100107465101,1.3,9.7,1,6.4,,5.53,C
603,100107465101,4.9,10.0,1,7.9,,7.42,B
604,100107465101,7.9,9.7,1,4.6,,6.61,C
605,100107465101,0.7,9.7,1,6.1,,5.199999999999999,C
606,100107465101,2.7,10.0,1,6.9,,6.26,C
607,100107465101,4.4,9.7,1,7.0,,6.76,C
608,100107465101,0.8,8.8,1,5.6,,4.8,D
609,100107465101,1.3,10.0,1,7.3,,6.04,C
610,100107465101,6.9,10.0,1,4.1,,6.12,C
611,100107465101,3.3,10.0,1,8.7,,7.34,B
612,100107465101,9.3,9.5,1,6.8,,8.09,B
613,100107465101,2.8,10.0,1,7.2,,6.4399999999999995,C
614,100107465101,2.5,9.7,1,4.4,,4.890000000000001,D
615,100107465101,8.7,9.5,1,6.7,,7.859999999999999,B
616,100107465101,2.6,9.1,1,8.8,,7.0,B
617,100107465101,4.6,9.7,1,6.6,,6.619999999999999,C
618,100107465101,8.3,8.8,1,6.1,,7.3,B
619,100107465101,9.3,9.5,1,9.9,,9.64,A
620,100107465101,0.1,9.1,1,9.2,,6.449999999999999,C
621,100107465101,5.5,10.0,1,4.6,,5.949999999999999,C
622,100107465101,7.0,8.8,1,5.0,,6.36,C
623,100107465101,3.3,9.3,1,6.7,,6.2,C
624,100107465101,3.3,9.7,1,7.1,,6.4799999999999995,C
625,100107465101,2.2,8.4,1,4.3,,4.49,D
626,100107465101,3.8,9.1,1,6.5,,6.21,C
627,100107465101,1.8,10.0,1,4.6,,4.84,D
628,100107465101,5.4,9.7,1,6.6,,6.859999999999999,C
629,100107465101,7.2,10.0,1,5.1,,6.71,C
630,100107465101,5.5,9.7,1,4.1,,5.64,C
631,100107465101,1.3,9.7,1,9.1,,6.88,C
632,100107465101,5.5,9.7,1,8.4,,7.79,B
633,100107465101,3.8,9.7,1,4.1,,5.13,C
634,100107465102,8.1,9.3,1,6.8,,7.6899999999999995,B
635,100107465102,6.5,9.7,1,4.3,,6.039999999999999,C
636,100107465102,8.3,10.0,1,9.6,,9.29,A
637,100107465102,3.9,9.3,1,4.1,,5.08,C
638,100107465102,2.4,9.5,1,9.9,,7.57,B
639,100107465102,7.9,9.3,1,5.3,,6.880000000000001,C
640,100107465102,5.7,9.3,1,9.8,,8.47,B
641,100107465102,6.6,9.3,1,8.4,,8.04,B
642,100107465102,9.9,10.0,1,6.1,,8.02,B
643,100107465102,4.5,10.0,1,4.7,,5.699999999999999,C
644,100107465102,6.1,10.0,1,8.7,,8.18,B
645,100107465102,4.0,9.3,1,9.4,,7.760000000000001,B
646,100107465102,9.6,9.5,1,9.1,,9.33,A
647,100107465102,5.5,9.5,1,9.1,,8.1,B
648,100107465102,3.7,9.5,1,7.8,,6.91,C
649,100107465102,0.4,8.6,1,8.8,,6.24,C
650,100107465102,1.0,10.0,1,4.4,,4.5,D
651,100107465102,4.8,9.7,1,4.6,,5.68,C
652,100107465102,9.6,8.0,1,9.6,,9.280000000000001,A
653,100107465102,3.4,9.7,1,6.4,,6.16,C
654,100107465102,7.7,9.7,1,7.3,,7.9,B
655,100107465102,1.4,10.0,1,6.4,,5.62,C
656,100107465102,6.8,9.1,1,7.2,,7.460000000000001,B
657,100107465102,4.1,8.8,1,6.8,,6.390000000000001,C
658,100107465102,4.7,10.0,1,9.5,,8.16,B
659,100107465102,9.8,9.5,1,6.8,,8.24,B
660,100107465102,0.0,9.5,1,9.0,,6.4,C
661,100107470502,8.9,9.8,1,8.8,,9.030000000000001,A
662,100107470502,5.6,10.0,1,7.6,,7.4799999999999995,B
663,100107470502,2.0,10.0,1,5.3,,5.25,C
664,100107470502,8.6,9.8,1,7.8,,8.44,B
665,100107470502,0.9,10.0,1,6.5,,5.52,C
666,100107470502,2.1,9.8,1,4.2,,4.69,D
667,100107470502,7.6,10.0,1,8.2,,8.379999999999999,B
668,100107470502,8.7,9.8,1,9.8,,9.47,A
669,100107470502,1.8,9.8,1,8.2,,6.6,C
670,100107470502,7.2,9.8,1,5.2,,6.720000000000001,C
671,100107470502,8.2,10.0,1,5.1,,7.009999999999999,B
672,100107470502,6.8,9.8,1,4.3,,6.15,C
673,100107470502,6.0,9.8,1,8.9,,8.21,B
674,100107470502,2.7,9.8,1,7.9,,6.720000000000001,C
675,100107470502,3.6,10.0,1,4.2,,5.18,C
676,100107470502,4.3,10.0,1,7.4,,6.99,C
677,100107470502,8.8,9.8,1,9.4,,9.3,A
678,100107470502,2.7,10.0,1,8.5,,7.0600000000000005,B
679,100107470502,3.2,9.8,1,9.2,,7.52,B
680,100107470502,9.0,10.0,1,7.3,,8.35,B
681,100107470502,1.4,10.0,1,4.9,,4.87,D
682,100107470502,4.9,10.0,1,10.0,,8.469999999999999,B
683,100107470502,8.1,10.0,1,6.8,,7.83,B
684,100107470502,3.2,10.0,1,7.1,,6.51,C
685,100107470502,5.6,10.0,1,6.6,,6.9799999999999995,C
686,100107470502,7.4,10.0,1,8.0,,8.22,B
687,100107470502,3.1,10.0,1,9.1,,7.4799999999999995,B
688,100107470502,1.6,10.0,1,9.5,,7.23,B
689,100107470502,1.7,10.0,1,9.3,,7.16,B
690,100107470502,0.2,9.8,1,6.7,,5.37,C
691,100107470502,7.8,9.8,1,7.4,,8.0,B
692,100107470502,5.0,10.0,1,7.0,,7.0,B
693,100107470502,3.2,10.0,1,9.0,,7.46,B
694,100107470502,8.1,10.0,1,4.0,,6.43,C
695,100107470502,8.1,10.0,1,9.8,,9.33,A
696,100107470502,1.0,10.0,1,8.7,,6.6499999999999995,C
697,100107471601,7.3,9.5,1,9.8,,8.99,A
698,100107471601,6.9,9.6,1,5.7,,6.84,C
699,100107471601,1.8,9.8,1,5.1,,5.05,C
700,100107471601,5.3,9.6,1,4.5,,5.76,C
701,100107471601,1.9,10.0,1,4.7,,4.92,D
702,100107471601,1.3,10.0,1,5.6,,5.1899999999999995,C
703,100107471601,3.0,10.0,1,4.4,,5.1,C
704,100107471601,5.0,9.6,1,5.7,,6.27,C
705,100107471601,5.8,9.8,1,9.1,,8.25,B
706,100107471601,3.5,10.0,1,6.7,,6.4,C
707,100107471601,4.6,10.0,1,7.5,,7.13,B
708,100107471601,6.8,9.6,1,4.5,,6.21,C
709,100107471601,6.8,10.0,1,9.9,,8.99,A
710,100107471601,1.9,9.6,1,8.4,,6.6899999999999995,C
711,100107471601,8.0,9.8,1,8.4,,8.56,A
712,100107471601,8.8,9.8,1,8.6,,8.9,A
713,100107471601,1.6,9.5,1,4.4,,4.58,D
714,100107471601,4.7,9.8,1,6.1,,6.42,C
715,100107471601,5.2,9.8,1,4.8,,5.92,C
716,100107471601,8.2,9.8,1,7.1,,7.97,B
717,100107471601,2.6,9.6,1,9.6,,7.5,B
718,100107471602,4.0,9.8,1,9.0,,7.66,B
719,100107471602,4.3,10.0,1,9.4,,7.99,B
720,100107471602,5.4,10.0,1,5.6,,6.42,C
721,100107471602,9.9,10.0,1,4.9,,7.420000000000001,B
722,100107471602,0.2,10.0,1,6.1,,5.109999999999999,C
723,100107471602,7.1,10.0,1,9.1,,8.68,A
724,100107471602,0.3,9.8,1,7.5,,5.800000000000001,C
725,100107471602,0.7,10.0,1,6.1,,5.26,C
726,100107471602,10.0,10.0,1,9.7,,9.85,A
727,100107471602,8.9,10.0,1,6.5,,7.92,B
728,100107471602,8.2,10.0,1,4.8,,6.859999999999999,C
729,100107471602,4.0,9.6,1,7.9,,7.07,B
730,100107471602,6.7,10.0,1,6.7,,7.359999999999999,B
731,100107471602,6.8,10.0,1,9.3,,8.690000000000001,A
732,100107471602,2.0,10.0,1,7.1,,6.15,C
733,100107471602,0.2,10.0,1,8.9,,6.51,C
734,100107471602,4.9,9.8,1,6.2,,6.53,C
735,100107471602,8.1,9.6,1,5.8,,7.25,B
736,100107471602,0.1,10.0,1,6.4,,5.23,C
737,100107471602,9.3,10.0,1,4.7,,7.140000000000001,B
738,100107471602,7.2,10.0,1,5.3,,6.8100000000000005,C
739,100107471602,5.9,9.6,1,8.3,,7.84,B
740,100107471602,5.0,10.0,1,7.3,,7.15,B
741,100107471602,6.1,10.0,1,6.5,,7.08,B
742,100107471602,3.9,10.0,1,5.7,,6.02,C
743,100107471602,6.4,10.0,1,4.6,,6.22,C
744,100107471602,9.1,9.8,1,7.8,,8.59,A
745,100107471603,3.9,9.8,1,5.1,,5.68,C
746,100107471603,7.5,10.0,1,5.1,,6.8,C
747,100107471603,6.0,10.0,1,5.8,,6.699999999999999,C
748,100107471603,1.0,9.8,1,6.4,,5.460000000000001,C
749,100107471603,5.9,9.1,1,8.0,,7.59,B
750,100107471603,5.6,9.1,1,7.6,,7.3,B
751,100107471603,7.8,10.0,1,7.8,,8.24,B
752,100107471603,3.1,9.1,1,9.0,,7.25,B
753,100107471603,4.4,10.0,1,8.0,,7.32,B
754,100107471603,3.3,10.0,1,9.9,,7.9399999999999995,B
755,100107471603,8.2,9.8,1,7.2,,8.02,B
756,100107471603,1.8,9.8,1,4.1,,4.55,D
757,100107471603,5.8,10.0,1,8.6,,8.04,B
758,100107471603,9.9,9.8,1,4.1,,6.98,C
759,100107471603,6.0,9.8,1,5.2,,6.359999999999999,C
760,100107471603,5.2,9.8,1,6.1,,6.57,C
761,100107471603,8.4,10.0,1,9.3,,9.17,A
762,100107471603,2.0,10.0,1,8.3,,6.75,C
763,100107471603,8.6,9.8,1,8.6,,8.84,A
764,100107471603,6.8,10.0,1,8.0,,8.04,B
765,100107472401,6.6,9.8,1,9.4,,8.64,A
766,100107472401,9.4,9.8,1,6.7,,8.13,B
767,100107472401,9.3,10.0,1,4.0,,6.79,C
768,100107472401,3.9,10.0,1,8.5,,7.42,B
769,100107472401,10.0,9.6,1,7.1,,8.469999999999999,B
770,100107472401,2.7,9.8,1,4.5,,5.0200000000000005,C
771,100107472401,0.9,10.0,1,7.4,,5.970000000000001,C
772,100107472401,0.9,10.0,1,8.0,,6.27,C
773,100107472401,8.2,10.0,1,4.8,,6.859999999999999,C
774,100107472401,1.7,9.8,1,5.3,,5.12,C
775,100107472401,10.0,9.6,1,5.8,,7.82,B
776,100107472401,5.6,9.8,1,9.8,,8.540000000000001,A
777,100107472401,9.6,9.8,1,5.6,,7.64,B
778,100107472401,7.5,9.8,1,4.9,,6.66,C
779,100107472401,4.7,10.0,1,9.8,,8.31,B
780,100107472401,3.5,9.8,1,5.3,,5.66,C
781,100107472401,5.8,9.8,1,9.2,,8.3,B
782,100107472401,7.0,10.0,1,4.0,,6.1,C
783,100107472401,4.5,10.0,1,6.1,,6.3999999999999995,C
784,100107472401,10.0,10.0,1,4.3,,7.15,B
785,100107472401,6.9,9.8,1,8.2,,8.129999999999999,B
786,100107472401,9.2,9.5,1,5.5,,7.41,B
787,100107472401,4.9,10.0,1,5.4,,6.17,C
788,100107472401,0.2,9.0,1,8.0,,5.86,C
789,100107472401,4.1,9.8,1,5.1,,5.74,C
790,100107472401,8.8,9.3,1,7.5,,8.25,B
791,100107472401,6.3,10.0,1,9.1,,8.44,B
792,100107472401,8.5,10.0,1,4.7,,6.9,C
793,100107472401,1.6,9.8,1,6.4,,5.640000000000001,C
794,100107472401,2.5,10.0,1,4.1,,4.8,D
795,100107472401,3.4,9.8,1,9.3,,7.630000000000001,B
796,100107472401,4.5,9.5,1,5.6,,6.05,C
797,100107472401,9.7,10.0,1,6.2,,8.01,B
798,100107472402,5.1,9.8,1,9.4,,8.190000000000001,B
799,100107472402,2.4,10.0,1,7.7,,6.57,C
800,100107472402,9.4,10.0,1,4.7,,7.17,B
801,100107472402,2.6,10.0,1,8.9,,7.23,B
802,100107472402,2.5,10.0,1,5.9,,5.7,C
803,100107472402,7.4,9.8,1,7.3,,7.83,B
804,100107472402,1.8,9.6,1,7.5,,6.21,C
805,100107472402,1.4,10.0,1,5.1,,4.97,D
806,100107472402,5.6,10.0,1,9.0,,8.18,B
807,100107472402,7.2,9.8,1,7.4,,7.82,B
808,100107472402,0.6,10.0,1,8.9,,6.630000000000001,C
809,100107472402,2.9,10.0,1,8.0,,6.87,C
810,100107472402,0.9,10.0,1,6.7,,5.62,C
811,100107472402,8.3,10.0,1,5.5,,7.24,B
812,100107472402,4.5,10.0,1,5.5,,6.1,C
813,100107472402,6.0,10.0,1,6.6,,7.1,B
814,100107472402,7.4,10.0,1,7.7,,8.07,B
815,100107472402,5.6,10.0,1,5.5,,6.43,C
816,100107472402,5.2,10.0,1,9.2,,8.16,B
817,100107472402,5.8,9.6,1,6.1,,6.71,C
818,100107472402,4.6,9.8,1,6.4,,6.54,C
819,100107472402,1.2,10.0,1,5.5,,5.109999999999999,C
820,100107472402,4.8,9.8,1,4.2,,5.5,C
821,100107472402,6.9,10.0,1,9.2,,8.67,A
822,100107472402,6.9,10.0,1,6.7,,7.42,B
823,100107472402,3.1,9.8,1,4.7,,5.24,C
824,100107472402,2.1,10.0,1,7.9,,6.58,C
825,100107472402,6.8,10.0,1,9.6,,8.84,A
826,100107472402,5.3,10.0,1,6.9,,7.04,B
827,100107472402,5.3,10.0,1,7.0,,7.09,B
828,100107472402,1.8,10.0,1,9.6,,7.34,B
829,100107472402,8.5,9.6,1,5.0,,6.97,C
830,100107472402,7.5,10.0,1,5.0,,6.75,C
831,100107626901,6.7,10.0,1,4.8,,6.41,C
832,100107626901,8.0,10.0,1,9.1,,8.95,A
833,100107626901,5.1,9.8,1,4.9,,5.94,C
834,100107626901,1.0,10.0,1,5.9,,5.25,C
835,100107626901,7.6,9.6,1,9.2,,8.799999999999999,A
836,100107626901,4.9,10.0,1,4.7,,5.82,C
837,100107626901,3.5,10.0,1,8.4,,7.25,B
838,100107626901,2.2,9.6,1,6.6,,5.88,C
839,100107626901,4.7,10.0,1,4.1,,5.46,C
840,100107626901,7.9,10.0,1,4.2,,6.470000000000001,C
841,100107626901,3.2,9.3,1,9.8,,7.720000000000001,B
842,100107626901,5.6,9.6,1,5.5,,6.35,C
843,100107626901,4.3,9.8,1,9.3,,7.9,B
844,100107626901,6.5,9.5,1,10.0,,8.85,A
845,100107626901,8.8,10.0,1,5.2,,7.24,B
846,100107626901,2.7,10.0,1,5.8,,5.71,C
847,100107626903,5.4,9.8,1,6.3,,6.73,C
848,100107626903,8.8,10.0,1,5.9,,7.590000000000001,B
849,100107626903,3.9,10.0,1,4.5,,5.42,C
850,100107626903,3.2,9.8,1,9.6,,7.72,B
851,100107626903,3.6,9.8,1,4.9,,5.49,C
852,100107626903,1.8,10.0,1,6.6,,5.84,C
853,100107626903,6.1,10.0,1,8.6,,8.129999999999999,B
854,100107626903,5.6,10.0,1,10.0,,8.68,A
855,100107626903,10.0,10.0,1,8.0,,9.0,A
856,100107626903,0.2,9.8,1,5.2,,4.62,D
857,100107626903,9.8,10.0,1,5.1,,7.489999999999999,B
858,100107626903,7.2,10.0,1,6.6,,7.46,B
859,100107626903,1.3,10.0,1,5.3,,5.04,C
860,100107626903,8.1,9.6,1,7.2,,7.949999999999999,B
861,100107626903,7.1,9.8,1,6.1,,7.14,B
862,100107626903,5.6,9.6,1,8.5,,7.85,B
863,100107626903,4.0,10.0,1,7.2,,6.800000000000001,C
864,100107626903,3.8,9.6,1,8.2,,7.159999999999999,B
865,100107626903,9.9,10.0,1,8.0,,8.97,A
866,100107626903,0.1,9.5,1,5.6,,4.73,D
867,100107626903,1.8,10.0,1,4.8,,4.9399999999999995,D
868,100107626903,4.3,9.8,1,9.4,,7.95,B
869,100107626903,7.9,9.6,1,9.4,,8.99,A
870,100107626903,0.5,9.3,1,6.6,,5.3100000000000005,C
871,100107626903,9.5,9.5,1,5.3,,7.4,B
872,100107627002,0.3,10.0,1,6.2,,5.1899999999999995,C
873,100107627002,1.1,9.8,1,6.9,,5.74,C
874,100107627002,6.8,10.0,1,6.9,,7.49,B
875,100107627002,8.8,9.6,1,7.2,,8.16,B
876,100107627002,2.7,9.8,1,9.6,,7.57,B
877,100107627002,7.9,9.8,1,4.3,,6.48,C
878,100107627002,2.6,10.0,1,5.8,,5.68,C
879,100107627002,7.7,10.0,1,5.7,,7.16,B
880,100107627002,8.2,9.6,1,6.5,,7.629999999999999,B
881,100107627002,5.8,9.8,1,7.0,,7.2,B
882,100107627002,2.2,10.0,1,8.1,,6.71,C
883,100107627002,3.3,10.0,1,6.6,,6.289999999999999,C
884,100107627002,9.5,10.0,1,9.8,,9.75,A
885,100107627002,9.6,10.0,1,5.1,,7.43,B
886,100107627002,1.9,10.0,1,6.4,,5.77,C
887,100107627002,7.6,10.0,1,5.8,,7.18,B
888,100107627002,2.3,9.8,1,4.6,,4.95,D
889,100107627002,9.4,10.0,1,7.5,,8.57,A
890,100107627002,3.7,9.8,1,7.4,,6.7700000000000005,C
891,100107627002,6.8,10.0,1,4.4,,6.24,C
892,100107627002,1.1,10.0,1,7.5,,6.08,C
893,100107627002,2.6,10.0,1,4.8,,5.18,C
894,100107627002,4.2,10.0,1,9.7,,8.11,B
895,100107627002,7.2,10.0,1,9.6,,8.96,A
896,100107627002,5.4,9.8,1,5.8,,6.48,C
897,100107627002,7.0,9.8,1,9.6,,8.86,A
898,100107627002,8.6,10.0,1,9.5,,9.33,A
899,100107627002,0.0,9.8,1,9.0,,6.46,C
900,100107627002,9.0,9.6,1,5.6,,7.419999999999999,B
901,100107627002,8.7,10.0,1,4.8,,7.01,B
902,100107627002,7.2,10.0,1,9.6,,8.96,A
903,100107627002,9.8,9.8,1,8.0,,8.9,A
904,100107627002,8.3,9.8,1,7.4,,8.15,B
905,100107627002,0.6,10.0,1,9.2,,6.779999999999999,C
906,100107627002,6.5,10.0,1,4.4,,6.15,C
907,100107627401,7.5,10.0,1,8.4,,8.45,B
908,100107627401,0.9,10.0,1,8.6,,6.57,C
909,100107627401,3.0,10.0,1,9.3,,7.550000000000001,B
910,100107627401,2.2,9.3,1,6.3,,5.67,C
911,100107627401,8.1,10.0,1,4.5,,6.68,C
912,100107627401,4.2,9.5,1,5.4,,5.86,C
913,100107627401,1.3,10.0,1,6.5,,5.640000000000001,C
914,100107627401,0.3,9.6,1,9.5,,6.76,C
915,100107627401,7.3,10.0,1,4.3,,6.34,C
916,100107627401,3.9,10.0,1,5.5,,5.92,C
917,100107627401,0.1,10.0,1,8.2,,6.129999999999999,C
918,100107627401,6.4,9.8,1,9.2,,8.48,B
919,100107627401,4.5,10.0,1,7.4,,7.05,B
920,100107627401,8.6,10.0,1,6.1,,7.63,B
921,100107627401,9.6,10.0,1,4.8,,7.279999999999999,B
922,100107627401,8.3,10.0,1,9.4,,9.190000000000001,A
923,100107627401,7.8,10.0,1,7.7,,8.19,B
924,100107627401,2.9,10.0,1,7.9,,6.82,C
925,100107627401,4.6,10.0,1,9.0,,7.88,B
926,100107627401,9.4,10.0,1,9.3,,9.47,A
927,100107627401,2.9,10.0,1,8.9,,7.32,B
928,100107627401,2.5,9.6,1,9.7,,7.52,B
929,100107627401,3.0,10.0,1,6.4,,6.1,C
930,100107627401,9.9,10.0,1,5.8,,7.870000000000001,B
931,100107627401,3.8,9.8,1,5.8,,6.0,C
932,100107627401,9.0,9.6,1,6.0,,7.619999999999999,B
933,100107627401,0.8,9.8,1,5.6,,5.0,C
934,100107627401,1.8,10.0,1,7.4,,6.24,C
935,100107627401,9.3,9.8,1,7.0,,8.25,B
936,100107627402,0.5,9.6,1,4.4,,4.27,D
937,100107627402,0.5,10.0,1,8.5,,6.4,C
938,100107627402,9.1,9.8,1,9.9,,9.64,A
939,100107627402,5.5,10.0,1,6.0,,6.65,C
940,100107627402,0.5,10.0,1,5.0,,4.65,D
941,100107627402,3.0,9.5,1,5.3,,5.449999999999999,C
942,100107627402,4.1,10.0,1,5.4,,5.93,C
943,100107627402,2.8,10.0,1,7.1,,6.39,C
944,100107627402,7.4,10.0,1,4.5,,6.470000000000001,C
945,100107627402,5.6,9.3,1,9.3,,8.190000000000001,B
946,100107627402,2.8,10.0,1,6.0,,5.84,C
947,100107627402,8.4,9.6,1,7.0,,7.9399999999999995,B
948,100107627402,5.2,9.8,1,9.9,,8.47,B
949,100107627402,1.5,9.8,1,4.9,,4.86,D
950,100107627402,7.9,10.0,1,9.5,,9.120000000000001,A
951,100107627402,4.1,9.8,1,4.2,,5.29,C
952,100107627402,0.2,9.5,1,5.1,,4.51,D
953,100107627402,5.6,9.8,1,4.7,,5.99,C
954,100107627402,6.3,10.0,1,9.9,,8.84,A
955,100107627402,7.1,10.0,1,4.4,,6.33,C
956,100107627402,7.0,10.0,1,9.9,,9.05,A
957,100107627402,1.3,10.0,1,6.4,,5.59,C
958,100107627402,0.8,9.1,1,5.6,,4.859999999999999,D
959,100107627402,1.0,10.0,1,6.0,,5.3,C
960,100107627402,2.4,9.8,1,9.9,,7.630000000000001,B
961,100107627402,8.8,10.0,1,7.7,,8.49,B
0,100107463502,10.0,10.0,1,10.0,,10.0,A
1,100107463502,9.0,10.0,1,10.0,,9.7,A
2,100107463502,6.0,7.0,1,8.5,,7.45,B
3,100107463502,6.0,10.0,1,10.0,,8.8,A
4,100107463502,10.0,7.0,1,8.5,,8.65,A
5,100107463502,10.0,10.0,1,9.5,,9.75,A
6,100107463502,10.0,10.0,1,9.5,,9.75,A
7,100107463502,9.0,10.0,1,9.5,,9.45,A
8,100107463502,9.0,10.0,1,10.0,,9.7,A
9,100107463502,7.0,10.0,1,9.0,,8.6,A
10,100107463502,8.0,10.0,1,9.0,,8.9,A
11,100107463502,10.0,10.0,1,8.0,,9.0,A
12,100107463502,9.0,10.0,1,9.0,,9.2,A
13,100107463502,10.0,10.0,1,9.0,,9.5,A
14,100107463502,10.0,10.0,1,8.5,,9.25,A
15,100107463502,10.0,10.0,1,9.0,,9.5,A
16,100107463502,10.0,10.0,1,8.0,,9.0,A
17,100107463502,10.0,10.0,1,10.0,,10.0,A
18,100107463502,10.0,10.0,1,9.0,,9.5,A
19,100107463502,10.0,10.0,1,8.5,,9.25,A
20,100107463502,9.0,8.0,1,8.0,,8.3,B
21,100107463502,10.0,10.0,1,8.0,,9.0,A
22,100107463502,10.0,10.0,1,9.0,,9.5,A
23,100107463502,10.0,10.0,1,8.0,,9.0,A
24,100107463502,10.0,10.0,1,8.0,,9.0,A
25,100107463502,9.0,10.0,1,9.0,,9.2,A
26,100107463502,10.0,7.0,1,8.5,,8.65,A
27,100107463502,10.0,10.0,1,9.0,,9.5,A
28,100107463502,9.0,10.0,1,9.5,,9.45,A
29,100107463502,10.0,10.0,1,9.0,,9.5,A
30,100107463502,10.0,7.0,1,8.5,,8.65,A
31,100107463502,8.0,10.0,1,8.5,,8.65,A
32,100107463601,8.0,9.5,1,7.0,,7.8,B
33,100107463601,6.0,7.0,1,7.5,,6.95,C
34,100107463601,4.6015625,7.5,1,7.5,,6.63,C
35,100107463601,7.0,8.0,1,7.0,,7.2,B
36,100107463601,7.0,6.0,1,8.0,,7.3,B
37,100107463601,9.0,8.5,1,9.0,,8.9,A
38,100107463601,6.5,7.0,1,7.5,,7.1,B
39,100107463601,7.5,8.0,1,7.0,,7.35,B
40,100107463601,8.796875,10.0,1,8.0,,8.64,A
41,100107463601,5.0,7.0,1,7.5,,6.65,C
42,100107463601,7.0,10.0,1,8.0,,8.1,B
43,100107463601,7.0,9.5,1,7.0,,7.5,B
44,100107463601,8.5,8.0,1,7.0,,7.65,B
45,100107463601,5.0,8.5,1,8.0,,7.2,B
46,100107463601,7.0,9.0,1,7.0,,7.4,B
47,100107463601,6.0,8.5,1,8.0,,7.5,B
48,100107463601,8.5,8.0,1,7.0,,7.65,B
49,100107463601,4.3984375,9.5,1,8.0,,7.22,B
50,100107463601,8.5,10.0,1,9.5,,9.3,A
51,100107463601,6.0,7.5,1,7.0,,6.8,C
52,100107463601,8.5,10.0,1,9.5,,9.3,A
53,100107463601,7.0,7.0,1,7.0,,7.0,B
54,100107463601,4.3984375,9.5,1,8.0,,7.22,B
55,100107463601,6.0,9.5,1,8.0,,7.7,B
56,100107463601,8.5,7.5,1,8.0,,8.05,B
57,100107463601,5.0,8.0,1,7.5,,6.85,C
58,100107463601,6.0,6.5,1,7.0,,6.6,C
59,100107463601,6.0,6.5,1,7.0,,6.6,C
60,100107463602,5.0,7.5,1,8.5,,7.25,B
61,100107463602,4.3984375,8.0,1,9.0,,7.42,B
62,100107463602,8.0,9.0,1,8.5,,8.45,B
63,100107463602,6.0,7.0,1,7.5,,6.95,C
64,100107463602,8.0,7.0,1,9.0,,8.3,B
65,100107463602,9.0,10.0,1,8.0,,8.7,A
66,100107463602,4.5,7.5,1,7.5,,6.6,C
67,100107463602,8.5,9.5,1,7.5,,8.2,B
68,100107463602,9.0,8.0,1,7.5,,8.05,B
69,100107463602,8.5,8.0,1,7.5,,7.9,B
70,100107463602,8.5,7.5,1,7.5,,7.8,B
71,100107463602,4.6015625,7.5,1,8.0,,6.88,C
72,100107463602,4.3984375,6.5,1,7.0,,6.12,C
73,100107463602,6.0,7.5,1,7.5,,7.05,B
74,100107463602,9.0,10.0,1,8.0,,8.7,A
75,100107463602,8.5,10.0,1,7.5,,8.3,B
76,100107463602,7.0,7.5,1,7.5,,7.35,B
77,100107463602,4.3984375,8.0,1,8.0,,6.92,C
78,100107463602,6.5,7.5,1,7.5,,7.2,B
79,100107463602,9.5,10.0,1,7.5,,8.6,A
80,100107463602,8.5,9.0,1,7.0,,7.85,B
81,100107463602,6.0,7.5,1,7.5,,7.05,B
82,100107463602,5.5,6.5,1,7.0,,6.45,C
83,100107463602,8.5,9.5,1,8.5,,8.7,A
84,100107463602,8.0,6.5,1,7.0,,7.2,B
85,100107463602,9.0,9.0,1,7.5,,8.25,B
86,100107463602,5.0,7.5,1,8.5,,7.25,B
87,100107463602,9.0,10.0,1,8.0,,8.7,A
88,100107463602,7.0,7.5,1,7.5,,7.35,B
89,100107463602,9.0,10.0,1,8.5,,8.95,A
90,100107464802,8.0,10.0,1,8.0,,8.4,B
91,100107464802,9.0,10.0,1,8.0,,8.7,A
92,100107464802,10.0,10.0,1,10.0,,10.0,A
93,100107464802,9.0,10.0,1,10.0,,9.7,A
94,100107464802,10.0,10.0,1,10.0,,10.0,A
95,100107464802,10.0,10.0,1,10.0,,10.0,A
96,100107464802,10.0,10.0,1,8.0,,9.0,A
97,100107464802,9.0,10.0,1,8.0,,8.7,A
98,100107464802,9.0,10.0,1,8.0,,8.7,A
99,100107464802,9.0,10.0,1,8.0,,8.7,A
100,100107464802,10.0,10.0,1,9.0,,9.5,A
101,100107464802,7.0,10.0,1,10.0,,9.1,A
102,100107464802,8.0,10.0,1,8.0,,8.4,B
103,100107464802,10.0,9.0,1,9.0,,9.3,A
104,100107464802,9.0,9.0,1,9.0,,9.0,A
105,100107464802,10.0,10.0,1,8.0,,9.0,A
106,100107464802,10.0,10.0,1,8.0,,9.0,A
107,100107464802,8.0,10.0,1,9.0,,8.9,A
108,100107464802,5.0,0.0,1,0.0,,1.5,F
109,100107464802,10.0,10.0,1,8.0,,9.0,A
110,100107464802,10.0,10.0,1,8.0,,9.0,A
111,100107464802,10.0,10.0,1,8.0,,9.0,A
112,100107464802,8.0,10.0,1,9.0,,8.9,A
113,100107464802,6.0,6.0,1,6.0,,6.0,C
114,100107464802,10.0,10.0,1,9.0,,9.5,A
115,100107464802,10.0,6.0,1,6.0,,7.2,B
116,100107464802,9.0,10.0,1,9.0,,9.2,A
117,100107464802,7.0,10.0,1,9.0,,8.6,A
118,100107464802,10.0,10.0,1,8.0,,9.0,A
119,100107464802,9.0,10.0,1,9.0,,9.2,A
120,100107464802,3.0,0.0,1,0.0,,0.9,F
121,100107464802,10.0,10.0,1,8.0,,9.0,A
122,100107465001,9.703125,7.0,1,9.0,,8.81,A
123,100107465001,0.0,0.0,1,0.0,,0.0,F
124,100107465001,8.3984375,10.0,1,8.0,,8.52,A
125,100107465001,0.0,0.0,1,0.0,,0.0,F
126,100107465001,7.69921875,7.0,1,7.5,,7.46,B
127,100107465001,8.703125,7.0,1,8.5,,8.27,B
128,100107465001,8.3984375,10.0,1,7.5,,8.27,B
129,100107465001,5.19921875,4.0,1,8.5,,6.61,C
130,100107465001,8.1015625,10.0,1,8.0,,8.43,B
131,100107465001,8.1015625,10.0,1,7.0,,7.93,B
132,100107465001,9.703125,10.0,1,9.0,,9.41,A
133,100107465001,9.3984375,10.0,1,8.0,,8.82,A
134,100107465001,7.69921875,10.0,1,7.5,,8.06,B
135,100107465001,8.3984375,10.0,1,7.0,,8.02,B
136,100107465001,8.1015625,10.0,1,7.5,,8.18,B
137,100107465001,8.1015625,7.0,1,8.5,,8.08,B
138,100107465001,0.0,0.0,1,0.0,Quá hạn nộp HP,0.0,F
139,100107465001,4.80078125,10.0,1,7.5,,7.19,B
140,100107465001,5.19921875,10.0,1,6.5,,6.81,C
141,100107465001,5.5,10.0,1,7.0,,7.15,B
142,100107465001,8.1015625,7.0,1,8.5,,8.08,B
143,100107465001,8.3984375,10.0,1,7.0,,8.02,B
144,100107465001,8.1015625,7.0,1,9.0,,8.33,B
145,100107465001,7.69921875,10.0,1,7.5,,8.06,B
146,100107465001,7.69921875,10.0,1,7.0,,7.81,B
147,100107465001,8.3984375,10.0,1,7.5,,8.27,B
148,100107465001,9.0,10.0,1,7.5,,8.45,B
149,100107465001,7.69921875,4.0,1,0.0,,3.11,F
150,100107465001,8.1015625,10.0,1,7.0,,7.93,B
151,100107465001,7.69921875,10.0,1,7.0,,7.81,B
152,100107465001,7.69921875,10.0,1,7.0,,7.81,B
153,100107465001,8.1015625,10.0,1,6.5,,7.68,B
154,100107465001,0.0,0.0,1,0.0,Quá hạn nộp HP,0.0,F
155,100107465001,8.1015625,10.0,1,7.5,,8.18,B
156,100107465001,7.69921875,10.0,1,7.0,,7.81,B
157,100107465001,8.3984375,10.0,1,7.0,,8.02,B
158,100107465001,8.1015625,10.0,1,7.0,,7.93,B
159,100107470503,5.0,9.0,1,8.5,,7.55,B
160,100107470503,10.0,6.0,1,8.5,,8.45,B
161,100107470503,6.0,3.0,1,0.0,,2.4,F
162,100107470503,10.0,9.0,1,10.0,,9.8,A
163,100107470503,8.0,7.0,1,8.0,,7.8,B
164,100107470503,10.0,10.0,1,10.0,,10.0,A
165,100107470503,9.0,7.0,1,6.0,,7.1,B
166,100107470503,5.0,6.0,1,0.0,,2.7,F
167,100107470503,10.0,10.0,1,6.5,,8.25,B
168,100107470503,6.0,10.0,1,8.5,,8.05,B
169,100107470503,10.0,10.0,1,5.0,,7.5,B
170,100107470503,10.0,10.0,1,6.5,,8.25,B
171,100107470503,10.0,9.0,1,9.0,,9.3,A
172,100107470503,10.0,10.0,1,8.0,,9.0,A
173,100107470503,9.0,10.0,1,7.0,,8.2,B
174,100107470503,9.0,10.0,1,8.0,,8.7,A
175,100107470503,10.0,10.0,1,10.0,,10.0,A
176,100107470503,10.0,9.0,1,7.0,,8.3,B
177,100107470503,10.0,10.0,1,10.0,,10.0,A
178,100107470503,5.0,5.0,1,0.0,,2.5,F
179,100107470503,8.0,9.0,1,8.5,,8.45,B
180,100107470503,0.0,10.0,1,2.0,,3.0,F
181,100107470503,10.0,8.0,1,8.0,,8.6,A
182,100107470503,10.0,10.0,1,8.5,,9.25,A
183,100107470503,10.0,10.0,1,7.0,,8.5,A
184,100107470503,9.0,10.0,1,9.0,,9.2,A
185,100107470503,10.0,10.0,1,9.0,,9.5,A
186,100107470503,5.0,9.0,1,8.0,,7.3,B
187,100107470503,5.0,10.0,1,8.0,,7.5,B
188,100107470503,5.0,4.0,1,0.0,,2.3,F
189,100107470503,10.0,10.0,1,9.5,,9.75,A
190,100107470503,10.0,10.0,1,10.0,,10.0,A
191,100107470503,10.0,10.0,1,8.5,,9.25,A
192,100107470503,10.0,10.0,1,10.0,,10.0,A
193,100107470503,0.0,3.0,1,0.0,,0.6,F
194,100107470504,10.0,10.0,1,7.5,,8.75,A
195,100107470504,8.0,10.0,1,7.5,,8.15,B
196,100107470504,10.0,10.0,1,7.5,,8.75,A
197,100107470504,6.0,8.0,1,8.0,,7.4,B
198,100107470504,10.0,10.0,1,7.5,,8.75,A
199,100107470504,10.0,10.0,1,8.0,,9.0,A
200,100107470504,9.0,7.0,1,0.0,,4.1,D
201,100107470504,10.0,10.0,1,8.0,,9.0,A
202,100107470504,10.0,9.0,1,8.0,,8.8,A
203,100107470504,10.0,10.0,1,8.5,,9.25,A
204,100107470504,10.0,10.0,1,10.0,,10.0,A
205,100107470504,10.0,10.0,1,8.0,,9.0,A
206,100107470504,10.0,10.0,1,10.0,,10.0,A
207,100107470504,10.0,10.0,1,8.0,,9.0,A
208,100107470504,10.0,10.0,1,9.5,,9.75,A
209,100107470504,5.0,7.0,1,8.0,,6.9,C
210,100107470504,6.0,9.0,1,9.0,,8.1,B
211,100107470504,5.0,8.0,1,8.0,,7.1,B
212,100107470504,0.0,2.0,1,0.0,,0.4,F
213,100107470504,10.0,10.0,1,7.5,,8.75,A
214,100107470504,9.0,10.0,1,8.0,,8.7,A
215,100107470504,10.0,10.0,1,7.0,,8.5,A
216,100107470504,10.0,10.0,1,8.0,,9.0,A
217,100107470504,6.0,7.0,1,8.0,,7.2,B
218,100107470504,10.0,10.0,1,8.0,,9.0,A
219,100107470504,10.0,10.0,1,6.0,,8.0,B
220,100107470504,10.0,9.0,1,8.0,,8.8,A
221,100107470504,10.0,10.0,1,8.0,,9.0,A
222,100107470504,10.0,10.0,1,8.0,,9.0,A
223,100107470504,9.0,9.0,1,6.0,,7.5,B
224,100107470504,10.0,9.0,1,10.0,,9.8,A
225,100107470504,6.0,9.0,1,8.0,,7.6,B
226,100107470504,10.0,9.0,1,8.0,,8.8,A
227,100107470504,10.0,10.0,1,9.5,,9.75,A
228,100107470504,9.0,10.0,1,6.0,,7.7,B
229,100107470504,10.0,8.0,1,8.0,,8.6,A
230,100107470504,9.0,9.0,1,8.0,,8.5,A
231,100107470504,10.0,10.0,1,8.0,,9.0,A
232,100107470504,10.0,10.0,1,8.5,,9.25,A
233,100107470504,10.0,10.0,1,8.0,,9.0,A
234,100107470505,10.0,10.0,1,6.0,,8.0,B
235,100107470505,10.0,8.0,1,8.0,,8.6,A
236,100107470505,10.0,9.0,1,6.0,,7.8,B
237,100107470505,10.0,9.0,1,9.5,,9.55,A
238,100107470505,10.0,9.0,1,9.5,,9.55,A
239,100107470505,10.0,10.0,1,6.0,,8.0,B
240,100107470505,0.0,3.0,1,0.0,,0.6,F
241,100107470505,10.0,10.0,1,6.0,,8.0,B
242,100107470505,10.0,10.0,1,8.5,,9.25,A
243,100107470505,9.0,10.0,1,6.5,,7.95,B
244,100107470505,9.0,9.0,1,9.0,,9.0,A
245,100107470505,10.0,10.0,1,10.0,,10.0,A
246,100107470505,5.0,9.0,1,8.0,,7.3,B
247,100107470505,9.0,6.0,1,9.0,,8.4,B
248,100107470505,10.0,9.0,1,9.0,,9.3,A
249,100107470505,10.0,10.0,1,6.0,,8.0,B
250,100107470505,9.0,10.0,1,6.0,,7.7,B
251,100107470505,5.0,10.0,1,8.0,,7.5,B
252,100107470505,10.0,10.0,1,10.0,,10.0,A
253,100107470505,10.0,10.0,1,8.0,,9.0,A
254,100107470505,10.0,10.0,1,8.0,,9.0,A
255,100107470505,10.0,10.0,1,8.0,,9.0,A
256,100107470505,10.0,10.0,1,9.5,,9.75,A
257,100107470505,8.0,4.0,1,8.0,,7.2,B
258,100107470505,10.0,10.0,1,8.0,,9.0,A
259,100107470505,5.0,9.0,1,0.0,,3.3,F
260,100107470505,8.0,10.0,1,8.0,,8.4,B
261,100107470505,6.0,5.0,1,0.0,,2.8,F
262,100107470505,10.0,10.0,1,8.0,,9.0,A
263,100107470505,10.0,10.0,1,8.5,,9.25,A
264,100107470505,9.0,8.0,1,10.0,,9.3,A
265,100107470505,10.0,10.0,1,8.0,,9.0,A
266,100107470505,5.0,3.0,1,0.0,,2.1,F
267,100107470505,9.0,9.0,1,8.0,,8.5,A
268,100107470505,8.0,10.0,1,9.0,,8.9,A
269,100107470505,10.0,9.0,1,8.0,,8.8,A
270,100107470505,5.0,10.0,1,9.0,,8.0,B
